//*******************************************************************
//*
//*  Project        : WFAC
//*  FileName       : WFAC22_50C0_prog.mem
//*  Creation Date  : 14 Dec 2024
//*
//*  Target         : Begonia
//*  Version        : 1.15.001
//*
//*  Copyright (c) Catena Holding BV. 2015-2021
//*
//* Redistribution and use in source and binary forms, with or without modification, are permitted provided that the following conditions are met:
//* 1. Redistributions of source code must retain the above copyright notice, this list of conditions and the following disclaimer.
//* 2. Redistributions in binary form must reproduce the above copyright notice, this list of conditions and the following disclaimer in the documentation and/or other materials provided with the distribution.
//* 3. Neither the name of the copyright holder nor the names of its contributors may be used to endorse or promote products derived from this software without specific prior written permission.
//* THIS SOFTWARE IS PROVIDED BY THE COPYRIGHT HOLDERS AND CONTRIBUTORS "AS IS" AND ANY EXPRESS OR IMPLIED WARRANTIES, INCLUDING, BUT NOT LIMITED TO, THE IMPLIED WARRANTIES OF MERCHANTABILITY AND FITNESS FOR A PARTICULAR PURPOSE ARE DISCLAIMED. IN NO EVENT SHALL THE COPYRIGHT HOLDER OR CONTRIBUTORS BE LIABLE FOR ANY DIRECT, INDIRECT, INCIDENTAL, SPECIAL, EXEMPLARY, OR CONSEQUENTIAL DAMAGES (INCLUDING, BUT NOT LIMITED TO, PROCUREMENT OF SUBSTITUTE GOODS OR SERVICES; LOSS OF USE, DATA, OR PROFITS; OR BUSINESS INTERRUPTION) HOWEVER CAUSED AND ON ANY THEORY OF LIABILITY, WHETHER IN CONTRACT, STRICT LIABILITY, OR TORT (INCLUDING NEGLIGENCE OR OTHERWISE) ARISING IN ANY WAY OUT OF THE USE OF THIS SOFTWARE, EVEN IF ADVISED OF THE POSSIBILITY OF SUCH DAMAGE.
//*******************************************************************
ffdf
0033
f818
3ffd
f803
0041
005a
d954
6c2f
2c48
0161
0050
bf65
0c30
05da
0000
0000
0000
7776
0143
261e
b7b0
c001
00e3
fd0c
01af
98dc
6045
e119
00e1
0800
0122
1080
8f08
e00d
0061
e000
0138
161e
8e00
ec0b
00ec
770a
14a3
0500
0000
0000
0000
1004
0022
4886
7429
0001
0000
fd02
216f
2520
4084
1005
006e
2401
1498
0500
0000
0000
0000
fd01
212f
1522
408c
8005
0060
fd10
14af
0500
0000
0000
0000
ffff
15b3
fe80
3fff
091f
0068
fc04
002f
f2c5
3fff
d9df
007c
3551
81af
050b
d2ed
3bc2
0034
055b
ffe0
5cff
a004
0001
0060
ffff
5c33
17cd
f366
801a
0050
468b
92cc
7310
ff8a
fffe
00cf
6438
2944
fbfe
3fff
88a3
0010
ffff
ac33
4124
0175
0142
0050
1461
0000
0600
0000
0000
0000
1131
ffc0
0cff
f302
c445
00bc
2006
1494
0500
0000
0000
0000
e020
4c6e
2bb8
4005
0001
0000
f600
142f
f500
d403
0000
0060
e041
982c
0b38
4005
1001
001e
0000
0018
0000
0000
0000
0000
e268
142c
0500
c862
1002
00b2
9020
0017
0600
0000
0000
0000
e268
142c
f500
3fff
8983
00f1
8040
082c
05e4
8000
0001
0000
e041
982c
0338
7840
0142
0050
0000
0009
0600
0000
0000
0000
f020
4c6e
2bbc
4005
0001
0000
e888
24ef
4548
3fec
0083
0024
fe48
0833
8a00
3fd8
ff83
0093
9221
a0d7
2b60
da04
4846
005e
8021
002d
0ac0
7921
0201
00b6
f321
846e
25e4
4005
0149
0050
c131
ffce
0cff
fc02
c45d
00bc
2006
1494
0500
0000
0000
0000
e888
24ef
4548
3fec
0083
0024
fe48
0833
8a00
3fd8
ff83
0083
9221
90d7
2b60
da08
4846
005e
a200
002d
0ac1
7921
cc81
00bb
a281
846d
25e4
4005
0149
0050
fc12
006f
03ff
b100
0002
00ac
e409
0057
12c3
d088
0006
0034
f434
886e
4b40
7860
2129
0032
c424
0c2e
0bbc
7941
0149
0050
fffd
d973
8c05
3ffd
0583
0041
8854
f629
0cff
0415
d890
00bf
8137
5003
1bc0
f004
0400
00e4
2400
24cb
f3ff
3fff
110b
0068
1180
ff59
ccff
2168
3111
009c
0400
920b
3bfe
67f5
f209
003f
0000
11d8
0b48
b0c0
fff8
00cf
4597
203c
dbff
67f4
0489
0080
fc91
000f
8600
d209
42c2
0034
fc20
d12f
159f
ffc3
fffa
00cf
5118
1618
2005
ffc1
3002
00ac
7f3e
0016
0ac1
ffc8
0000
0060
2290
142d
0500
0148
0000
0060
2000
f622
0cff
0417
8080
0088
fc01
842f
1508
88c0
08c0
00b4
fd88
0433
1a00
7801
fb8d
00cf
0100
8a00
8b40
3fd8
0023
00a0
8011
ff57
8cff
1070
8001
0035
0000
1419
0500
6808
0000
0060
777a
0023
22c9
8f60
fff3
000d
f701
0f38
0bff
b0c0
fc62
0059
fc1e
246f
1bff
8fe8
fe01
00e3
fc08
000f
0e3c
b340
f07e
00bf
7f0f
3816
1bff
ffcd
0000
0060
fc0b
06af
03ff
ffc8
f246
00bf
7f06
0016
2ac3
ffcc
0000
0060
11a8
ffc0
9cff
f30b
e205
00bc
3206
3814
1bff
ffcd
fbee
005b
fc07
502f
033c
b140
8082
0008
d500
c82c
0b35
7802
5005
00ac
fc16
002f
65e0
67f4
9001
00ac
fc90
204f
a3ff
01f1
e400
0061
0000
ffd8
4cff
f349
ea85
00bc
2806
4054
5e21
0156
0800
0062
ffff
1db3
17ce
f355
b01a
0050
f420
552c
0007
c942
0002
0088
8020
8157
f3fd
3fff
d597
007c
3441
81af
250a
87b0
fd07
0061
7b81
f038
0e1f
4005
080d
00e2
7706
e123
20df
8828
0001
0000
fffd
b2b3
9409
9909
fc10
00cf
01fe
0004
4600
5208
02d9
0001
0000
6258
d524
3fff
1b2b
0044
8019
c009
ecff
001f
12d8
0001
0088
21d5
0524
2ff2
09c7
0001
0000
0418
0aa0
2ff4
09c7
0001
03fe
0033
2800
4005
0001
0000
23ff
0033
0e00
b180
8514
00bb
23ff
0033
8400
cea8
6c92
003e
a508
0007
7600
5408
14cd
0081
9800
810f
03e6
7802
0000
0060
0091
ffd5
0cc8
8000
afff
00cc
0000
d110
4bb8
f9b0
a280
0033
8400
0007
d600
5008
34cd
0081
9904
800f
03e6
7840
0000
0060
0187
c815
1cbf
0427
0000
0060
8010
d02a
1cbf
0427
0000
00ac
0bff
0033
2e00
4005
0001
0000
fc16
ff6f
9cff
016e
2461
00a6
6128
c60e
8b98
3ff0
03ff
0010
777a
ff63
9cff
616e
51d1
0098
7ffc
8023
1e3d
5201
05dd
0081
88f8
7dc9
0816
9528
fc1c
00cf
00ff
daa2
6c2f
3006
fdc5
00c2
006d
dac1
0c2f
3006
0185
005d
ff07
3ff3
0080
8000
4211
0054
bf6b
1670
84c0
7406
e64d
0054
7002
1c23
fbff
4b98
da11
003f
f454
000e
a600
0bf6
014b
0004
ff21
9c72
8810
7005
0001
0060
8848
d06a
1cbf
0427
1a74
005a
e382
7099
861e
5418
e001
008d
fc50
daaf
3c2f
1005
1a55
005a
f400
5059
261f
720e
e9da
00cf
2000
9500
0cfe
0200
f616
00cf
007e
308a
8b22
d0d8
fb4e
0059
0967
abed
0a95
7842
25a1
00b4
fcc0
006f
25e1
ffc0
1002
00ac
7e32
0016
0ac3
ffcb
0000
0060
3142
158f
2268
8884
0000
0060
109c
ff15
0ac5
b040
9160
00bb
0c00
896b
159f
d100
f30a
003f
0000
04d8
bbff
67e8
f2c5
003f
0000
00ab
03ff
b080
f97a
0059
0c00
014b
43ff
f384
0006
005e
0188
1415
7bff
6fe4
4005
00ac
8000
1217
0bbe
7800
f211
003f
fc41
a62f
0581
fea8
aa84
003f
4014
1857
fbff
6ff3
0045
005d
ff21
9c72
0810
7001
0ff9
00cc
0000
1400
1aa2
2ff4
09c7
0001
fb44
022f
f5c0
d08b
8ff2
00cc
0000
5000
4005
ffb4
207c
0034
7b00
c1b8
48dd
37f8
014a
0050
fc17
ff6f
9cff
016e
2461
00a6
6128
c80e
8b98
3ff0
03ff
000c
fffd
ba73
0dc5
6149
ddf0
008d
7ffc
04a3
7546
041b
23e2
0026
5d77
8020
7250
3ff0
03ff
0088
bf6b
11b0
30c0
5108
fda9
00c2
0041
9d13
2bfd
7004
d151
003b
0000
c1d8
fcff
200f
0000
0060
1086
a115
7bfd
4a93
d191
003b
0000
0d98
85d0
5418
c001
008d
fc60
daef
4c2f
1004
1854
005a
e400
6059
761e
5398
e001
008d
fc50
2f2f
e52a
6860
ce01
0067
7d41
99d8
0cfe
0200
6002
002c
fa55
0033
2808
6a0e
2920
00b4
1400
81cb
5b43
3fd8
fe07
008b
7db3
1856
3bff
ffc5
0000
0060
0bff
762b
059f
b0c0
f054
003f
0800
792b
65bf
6fdd
f149
00bf
fdf9
0096
1bff
3fee
0003
0009
462f
106a
1b41
7841
a885
00bf
0629
0856
03ff
fea0
0058
005d
fc71
b42f
35bf
7401
ec15
00bf
ff21
9c72
c810
333f
0003
0080
2880
afd4
eb42
303f
0003
0080
2821
1414
0aa2
0156
fd06
00cb
4271
1820
350a
7400
ec11
003f
081f
c10d
48dd
37f8
014a
0050
fc03
ff6f
9cff
006e
00e1
0026
fec1
1ff3
0000
8000
02ad
0054
0681
002d
0cc5
0000
8c88
003b
bf6a
18f0
0040
2ff2
09c7
0081
8631
0397
1544
a800
fd02
00cb
4271
9060
05e1
8000
2009
0024
0000
6458
3d40
9080
2010
00a4
0193
6195
0540
7405
31dd
0001
0000
da18
dc2f
1004
fc05
00cf
007e
12e0
25c0
3fa2
8003
00bf
8001
0017
c600
315f
0003
0080
2401
1054
c5d0
311f
0003
0080
2400
0f54
15d0
3fec
025b
0080
0884
0049
f2c5
5018
f90b
00cf
0096
c040
fcff
000f
31dc
0001
0087
0c15
6bff
4888
1003
002c
fe78
0096
dbff
7402
f0c1
00bf
0052
81d4
cb62
5211
bb05
00b4
3757
006f
05e2
0163
2006
005e
0000
a062
1b4b
7842
0381
0094
1430
0860
25e1
a000
8152
00bb
8421
1157
0980
ffc3
1046
005e
0176
2220
0c1c
4000
4d40
0080
e8a5
1270
0080
ee60
c222
00c1
0000
5484
2000
ee20
3082
0024
e460
084c
0200
2ff2
09c7
0081
8230
0017
1600
a800
fd02
00cb
4271
9020
35e0
ffc2
f0c0
00bf
0052
0014
0000
0000
0000
0000
fc02
042f
03c8
8000
3211
0054
fc20
ba2f
35a1
7400
f081
00bf
8311
1496
0500
0000
0000
0000
fffd
ba73
6c0f
fe84
74e0
0026
fe52
27b3
8400
3fec
0083
001c
40b7
6440
154e
ff69
3006
005e
f121
006e
05e3
2ff2
09c7
0081
7022
24b0
0303
4005
0105
00aa
ff41
9c72
0810
b000
c08a
00c1
1092
000c
8600
e613
e886
00cf
2000
a720
8550
30e7
0003
0000
e020
432c
23e6
3fd9
fc07
0013
01a1
0035
0cc1
0000
0000
00ac
0c43
c868
1cbf
0427
0ffc
00cc
ffff
807f
05e1
3040
0003
0080
8850
39ea
9c3a
3004
0148
00d0
ff41
9c72
8010
d024
9200
0036
8081
908d
0b38
9186
3108
0020
ff21
9c72
0c10
7843
c801
00bf
8e01
1057
1aa3
2ff4
09c7
0081
8440
1497
0500
0000
0000
0000
776a
fc23
b0df
8790
f40b
003f
f209
4318
a61e
8f20
d805
0063
f700
e258
a61e
87b0
f48b
0059
fce0
0d2f
1088
ffcc
fa02
0063
fc01
382f
4bff
67cd
26ed
00a6
fcc1
ffcf
0ac2
3180
ffff
003f
7d08
02b8
63ff
8fa0
f067
003f
7d09
81d8
663e
87d4
fb1d
00e1
7d0d
1416
4bff
2203
f2c4
003f
fc01
142f
0bff
67cc
266d
00a6
fcb1
ffcf
0ac2
3180
ffff
003f
fc07
062f
0bff
67cd
f381
00bf
fcc1
000f
0ac2
b0c0
a024
00bf
7cc9
2c56
03ff
ffc5
fc34
00cf
07ff
06a2
0189
96b4
4250
0054
fca0
246f
8bff
6fcc
fc31
00cf
07ff
dc22
ac2f
3007
f1c0
00bf
1086
2075
e3ff
6fcb
fdc1
00c2
0072
6003
fbfa
6fc9
f1c9
00bf
fc83
306f
35bf
7407
fc31
00cf
07ff
1c02
b3ff
5108
f207
003f
fcb0
dc16
4c2f
3006
a680
00bf
fc91
2896
3bff
ffc9
f2ce
005b
4065
2817
1bff
ffc9
a632
0055
fc8c
0096
08de
0bf7
01ef
000c
fca0
302f
25a1
9f68
fa09
0061
7e43
1c18
1bff
ffc8
863a
0055
0800
002b
0ac3
6fc8
c031
008d
bf70
1b70
00c0
ffc7
12ca
005a
e60c
71d9
861e
87a0
d609
009a
fca0
256f
559f
3fd8
f007
00c3
fc91
000f
0ac2
3180
0003
0040
200a
2422
55bf
ffc0
f05a
00bf
7c8a
1c16
1bff
ffc8
2000
00ac
1800
0033
b400
2200
f21a
005b
fc02
04ef
0bff
67d1
f141
00bf
fc61
010f
30dc
8790
e511
0061
7985
6158
2528
8790
0001
0060
0000
2218
1528
ffc6
f1ca
0059
0c00
004b
0ac2
ffc5
f014
00bf
fc16
184f
3bff
67c5
67fd
00cc
ffff
ffdf
0ac2
ffc5
8004
0088
fc61
622f
f540
a630
f142
00bf
fc66
0156
6bff
ffc1
f144
00bf
0509
0216
28de
ffc6
ac04
00bf
eb40
510f
ee1f
7002
f415
0061
0000
3058
3bff
67d5
f2cd
003f
fc52
382f
53ff
ffc0
f052
00bf
4025
0017
0ac2
b0c0
f0ae
005b
ff21
9c72
0810
b140
8ffe
00cc
0000
1478
95e0
5011
21c1
00aa
ff41
9c72
1c10
7804
0001
0060
d800
1022
059f
ffcd
80fe
0008
0400
000b
fac2
31bf
0003
00c0
fc07
0156
4bff
ffc1
002a
005d
d800
0d22
059f
ffcd
80fe
0008
0400
014b
4bff
ffc1
ec04
00e1
7f40
e438
00df
87b8
0143
0050
9201
c5b8
00dd
8928
0001
0000
7901
3018
461e
d285
426c
0026
fec4
fff3
0080
8000
42e1
0054
517f
6220
c3e6
f9a8
6002
002c
8862
0007
0ccb
0000
fdc4
00c2
00a5
c843
1cbf
0427
9156
00bb
8231
0517
1540
a884
fd06
00cb
4271
9060
05e0
8000
0109
00a4
9b0c
a20f
23e6
78c4
4666
0054
0043
c329
83e6
f9a8
3108
009e
1198
1115
0240
8000
4625
0054
408a
4d17
c814
f998
6820
003e
8c42
0007
1600
0bf7
0213
000c
ff04
ffb3
2880
7008
e955
00cf
fc00
006f
05e1
8000
b7fd
00cc
0000
0030
85e1
7407
a7fd
00cc
0000
0070
45e1
7407
fb11
00cf
0433
9222
3cff
6043
fc10
00cf
07ff
6442
4544
050b
fdc6
00c2
006e
6221
c3e6
f990
f0c2
003f
8862
0007
12c2
0bf7
019b
008c
fc41
000f
fac3
6fcc
f019
00bf
fc15
17ef
15d0
b1c0
6002
00ac
8610
2417
3546
3fec
0083
0008
1401
61ab
0cff
6ffe
1042
005e
1401
002b
1ac2
7841
28d9
00b6
1c00
042b
75e1
d8a3
10da
00b6
8411
ffd7
7ac5
f362
fffc
00cf
3755
881f
6bcd
42a0
0111
0024
0000
69d8
1544
d2f0
b486
00b4
0093
0015
1884
2100
a086
0050
0922
1265
1bff
4280
2109
0028
0802
0e06
33ff
510a
50a5
0000
ffff
d633
17cc
f399
c01a
0050
401d
ff97
1cff
d91f
6527
0000
ffff
0e33
17ce
f399
c01a
0050
e85b
4aae
83ba
f9d8
7432
003e
8862
0467
75c0
0017
059a
0080
8411
e217
9bb9
ee69
1046
005e
2ee1
406d
e34b
3fff
3fc7
00f6
1849
ffc0
8cff
f373
e645
00bc
3006
5554
2800
0012
9618
00bb
e295
188e
3b3b
cea8
2188
009e
0460
18c9
1202
2ff2
09c7
0081
8630
0017
1600
a884
fd06
00cb
4271
9020
35e1
ffc6
f152
003f
0050
8054
0620
8818
0001
0000
7778
fe23
40df
8790
3003
002c
f202
0038
52c2
8790
c80d
0063
7982
70d8
fe1e
67b4
f181
003f
fc71
40ef
43ff
87d0
a04b
003f
fa02
4158
361f
8fa0
f509
0061
7e03
d138
059e
ffc5
f204
003f
0240
0006
c600
5018
c001
008d
fc60
646f
1580
ffc7
f14a
003f
fc83
922f
03fa
8790
0037
005c
7941
0018
0600
3780
f182
00bf
0562
1c56
2bff
ffc5
f20c
00bf
ea48
400f
161f
87d4
fe21
008d
0050
a054
8e26
3770
6800
0062
777c
1083
061e
8f08
e10d
0061
f081
6058
061e
878c
b0d1
0034
887b
9189
3cff
2043
fb04
00cf
0035
5d02
8016
5119
d8c9
00bf
0400
046b
25e0
ef23
c546
00bb
8011
4117
8be6
f988
0046
005e
8444
0067
05e0
2ff2
09c7
00c1
e884
8070
2001
7007
1085
00aa
ff40
9c72
0c10
b080
a212
00c3
0801
0000
1600
3fec
005b
0008
1000
0022
950b
5103
b441
00b9
fec1
0833
1b00
42c0
0001
0060
0820
61a9
2cff
8fbe
2080
0088
0484
8028
150a
8296
1386
0096
2a21
0854
0204
9006
6642
00be
ff23
9c72
1810
7828
6641
00be
9a94
846f
85e0
80c8
429e
009e
8220
6197
1cff
6f80
2002
00ac
8211
c857
1cbf
0427
a423
00c3
0600
1a41
0a07
3140
0003
0080
8221
ffd7
fcc4
ffff
a4a7
00c3
0049
1841
1aa3
2ff4
09c7
00c1
e908
0030
0042
a987
fd06
00cb
4271
9070
05e0
3140
0003
0080
e849
1270
e040
7402
f909
00cf
0020
9526
0cfe
0040
6006
005e
fd82
f833
59bf
d883
6082
005e
a612
0cad
1b6a
7982
d489
00bb
9801
2757
1540
3fec
0083
008c
1400
908b
0cff
8002
f60b
00cf
ffe0
8862
55e1
d8a1
931a
00b6
8611
0557
0b61
b180
1842
005e
f565
05ae
1b61
7861
b185
00b3
ea83
184c
11e1
2ff2
09c7
00c1
8230
0017
1600
a8c2
fd02
00cb
4271
9030
45e0
ff24
1006
005e
fc20
c12f
28dd
4005
0001
0000
fc01
2fef
0010
e613
0000
00ac
2400
9e14
0cc1
0000
231a
00c1
0090
2184
2524
ff22
a302
00bf
8604
2717
f882
681f
0149
0050
fc06
ff2f
00df
b000
1002
00ac
2c10
2e54
c52c
ff2c
b442
00b9
9a04
1817
1bff
8b48
3040
00b4
ffd8
5c33
1c10
7880
fb85
00cf
0100
0023
808a
d000
a042
0088
bf62
08b0
a0c9
3fd8
0023
00a8
fffd
c233
1c01
7860
8805
00b5
1800
8002
0e44
ffc1
e9d4
0059
90a5
0fe6
b088
3fd8
0057
00a0
0400
91cb
859e
3fe6
10cb
0080
fc07
060f
43ff
fea8
e9aa
0059
fc15
002f
02c1
ffc6
f026
003f
2034
02a2
4bff
67a6
f059
00bf
fc90
144f
33ff
ffc1
e8aa
0059
fc81
1c0f
2bff
ffc0
f288
00bf
fc63
896f
05be
8f80
e205
0063
7d00
1438
0500
8820
f407
00e1
7f84
8043
0620
0000
0000
0000
fc16
ff6f
9cff
11ee
fff5
00cf
16e9
00f0
83ff
9883
31e2
0026
0464
7de7
7013
0593
fdc8
00c2
0058
2181
5b42
5242
9c01
00b9
0ea6
000d
1600
3ff0
03ff
0008
3900
0033
5000
5108
417f
0022
bf6a
1b30
e4c0
7406
f11d
00bf
c906
d8af
2c2f
3140
31d4
00a6
1743
0060
65e1
d863
4002
00ac
8411
0017
3ac2
c88c
1082
005e
8463
8d2c
0bfd
7842
9909
00b6
f634
086f
45e1
ef42
a08e
00bf
8401
09d7
35d0
3ff0
03ff
0088
c908
400f
0cce
0000
417e
0022
108b
8095
abfe
0bf6
012f
0008
045f
000d
c600
31bf
0003
0080
004a
8cd7
0004
8000
f15d
00bf
c90a
d8af
2c2f
1140
52d4
00a6
1753
0060
65e1
d865
5002
00ac
8411
0017
5ac5
c8ac
1082
005e
8a64
956c
0bfd
7842
9909
00b6
f645
086f
55e1
ef52
1006
005e
1543
4020
0cc4
0000
4c88
0000
fee5
0033
4890
7002
31bd
00a8
0441
046d
15e1
fe86
fc04
00cf
00ff
6162
3542
0134
008a
005d
1745
0220
0cc4
0000
4222
0054
f742
000e
6600
4919
0065
005d
1524
1440
0268
e670
4630
00d4
fec1
3fb3
3080
ffa0
d84a
00bf
1089
9fd5
7b41
d045
003e
005c
1323
1060
334a
0132
2118
0034
fc21
802f
35a0
ffc0
001a
005d
fc30
186f
8bff
6faa
f00d
003f
fc30
14af
0500
0000
0000
0000
fc05
05ef
03ff
fe90
88d2
0034
2694
09ad
b3ff
9883
826e
0026
0485
df27
10dd
ffd0
78d2
0001
4d34
dca0
8c2f
100e
ad5d
00b4
2d37
dcad
1c2f
8006
fff9
00cf
2937
c27a
e342
3fff
94df
00e4
0c89
c04d
fcff
207f
7032
003e
9d08
108f
59e3
5108
fdc5
00c2
00ff
40c1
f5d0
5200
a37d
00b4
08a1
042d
e5e2
3fff
60ff
00e9
8800
4017
0cca
0000
6558
0080
1400
ffcb
5cff
f345
d985
00bc
2a06
94d4
23fd
3fb3
00ff
0000
9a8c
c52f
0be6
7881
3289
009e
2400
042b
05e2
9086
2002
005e
f634
002f
05e2
520b
2611
00bf
fc67
1d8f
4a62
ffc5
fb0c
00cf
0020
2404
6546
3fe4
0083
0090
fd86
f833
193f
7882
9001
00ac
8a39
082d
75e2
d8c3
a892
00b6
8811
89d7
7b62
ef74
2082
005e
fc94
820f
cbe6
f9b8
2188
009e
3015
1015
0a42
b100
d89c
003f
fec6
0833
c080
3fe4
0083
0098
fd8c
f833
19bf
7842
30e5
00b6
aa65
046d
55e1
dac3
6002
00ac
8410
5557
6bbe
dac6
1046
005e
f649
5d2e
43bd
fe82
0192
005d
ff04
fff3
c881
f9c8
6820
003e
8862
2467
4544
ffa0
fdc6
00c2
00a8
27c0
0342
8000
cffd
00cc
0000
0030
72c5
0146
4002
002c
ffff
5173
17cd
f377
a81a
0050
40a0
03d7
f542
d30d
4286
00b4
8210
ff97
fcff
a983
0803
005e
2900
0033
6000
01a5
5002
002c
ffff
1573
17ce
f366
a81a
0050
c944
88cf
13fd
3fb3
00ff
0000
9a8c
c52f
0be6
7841
329d
009e
2800
042b
05e1
91c6
1002
005e
f638
002f
05e1
510b
2611
00bf
fc68
2d8f
7a62
ffc5
fb14
00cf
0020
2402
a54a
3fe4
0083
0098
fd8a
f833
19bf
7842
a001
00ac
8a5a
082d
85e1
d8c5
a8de
00b6
8411
8e17
8b62
ef87
1082
005e
fca7
e20f
cbe6
f9c0
2188
009e
3015
1015
0a42
b200
d89c
003f
fec6
0833
c080
3fe4
0083
0098
fd8c
f833
19bf
7842
a9a9
00b6
8c35
046d
55e1
dac3
6002
00ac
8410
6957
6bbd
dac6
1046
005e
f68a
5e2e
53bd
01a9
fffc
00cf
3844
545f
6bcd
4280
c401
00cc
0000
58c0
0805
b140
fffc
00cf
3451
cc5f
6bcc
4220
87fd
00cc
ffff
0d7f
93ff
ce68
fff0
00cf
4000
0025
088a
7922
5395
0096
9200
23d7
1a84
d028
2842
005e
227f
106d
0bff
78a1
fff9
00cf
4c3f
2079
0bfa
78a0
0091
005d
ff01
fff3
9881
5098
5d1d
0000
ffff
5973
17cd
f377
a81a
0050
4028
1257
a806
ef56
422a
0054
f844
432e
83e7
f9a0
3108
001e
0000
2658
e544
7401
fffd
00cf
3564
645f
6bce
4280
a2dd
00b4
3200
0033
e000
3fff
54df
00e9
0889
000d
3ac8
0156
fffc
00cf
3481
cc5f
6bcc
4220
c001
008d
fc32
546f
05a0
8794
002b
005c
79c1
0018
1600
ffc7
e67a
0059
fc62
140f
53ff
ffc0
f05e
003f
0050
e054
4e22
3770
2a00
0062
e805
092f
03fa
ffc1
3306
0022
0210
002d
188e
78c0
e041
0088
fee1
4033
1980
78c0
0021
00b4
ffd8
5c33
1810
78c0
fff5
00cf
0708
0010
0358
9000
f639
00cf
0008
006e
05e3
680e
043c
00a8
00fc
4102
89c4
3fec
001f
0004
8080
0804
0200
8000
0639
0054
0000
94eb
03fe
ff64
197e
00b4
2201
05d4
9b40
a20c
8806
0050
1202
9820
0b60
4005
4801
0000
0000
2818
fbfa
7009
a205
003f
8281
000d
0000
0000
0000
0000
777c
4063
63ff
fe80
a09e
00bf
78d6
0516
5bff
ffc2
f040
00bf
fc21
13cf
ca80
3fff
1ff3
000c
1c41
b0a7
acff
4000
308c
0012
0c83
0008
c600
519a
6841
00be
9a8c
18cf
39e4
ffa6
d860
00bf
1800
802b
45e1
d10d
1bfe
00b4
8600
0017
7ac3
0176
fffc
00cf
3336
dc5f
6bcd
42c0
f601
00cf
fff5
0006
2600
5189
fb0d
00cf
0020
9182
0cff
8002
f602
00cf
ffd5
0866
05e1
b200
20e2
00b6
8420
10d7
4b6a
d8a3
1046
005e
8835
0d6d
0bbd
7842
f211
003f
1753
ffc0
4cff
f364
ccc5
00bc
2806
0694
25d0
3fec
0083
0090
1092
9115
0cff
6002
f602
00cf
ffdf
0864
05e2
b180
209a
00b6
8820
8917
5b62
da83
2046
005e
8825
156d
0bbd
7882
f191
003f
fc41
2f2f
2580
ffc5
c000
008d
e8c0
400f
161e
878c
0141
0050
8981
c138
00dd
88a0
0001
0000
84a1
0068
03ff
d001
ff62
00cf
4170
8070
15e2
3fee
0403
0090
3000
0202
0b40
2301
fd8a
00c2
2c22
ff44
8cff
0070
8805
0035
1000
6319
8cff
c000
2006
005e
80c0
0206
0a80
4005
0805
00b6
a001
002e
1680
8808
0001
0000
fc03
182f
459e
ffc1
f404
003f
fd80
fd73
90bf
ea11
2248
0054
fec1
0833
2080
3fe4
0083
0080
fd80
f573
183f
7842
5001
00ac
8615
082d
25e1
da60
204e
00b6
8411
8117
4b61
ef32
1082
005e
fc53
300f
0e82
4005
2605
0062
8a02
0018
0000
0000
0000
0000
ff21
9cb2
0810
2204
fb84
00cf
00fd
0525
43ff
9086
2382
00a4
8401
2017
3a40
0e86
0007
0008
10c2
002a
3888
0e86
0807
0008
1846
18e6
1c3a
2000
81fc
0088
a057
30e9
1c3a
2004
fdc8
00c2
0043
b053
ecff
300f
325a
0054
fa45
016f
5546
0154
0000
0060
5dba
8015
0bfe
9104
fc86
00cb
4271
17c0
0b40
ff62
0808
00bb
03fc
0033
0800
4005
4801
0080
8845
d04a
1cbf
0427
fc84
00cb
4270
0000
0600
8000
4221
00d4
6117
914e
6bfe
5110
5515
0000
0000
0058
388c
55c8
c001
0008
c84a
1fcf
4225
fc94
5002
00ac
8611
1557
0a62
b140
1886
005e
8826
a0ad
1b22
7862
2b09
00b2
a854
846d
55e1
ff62
d892
00bf
8621
5117
1bbd
7860
815d
0026
0860
3149
1203
2ff2
09c7
00c1
8a30
0017
2082
a8c6
fd06
00cb
4271
9030
25e2
3ff0
0103
008c
fa42
38cf
29e3
0124
fc86
00cb
4271
0c70
35e1
ff63
911e
0034
0134
80e0
23fe
ee42
19fe
0034
0800
1062
1aa3
2ff4
09c7
0081
d840
8070
0108
ff61
005c
0034
1300
1420
0500
0102
0000
0060
ff23
9cb2
4810
ffc1
f096
003f
2200
b862
dcff
507f
6190
00a4
7ffc
0063
05e3
9004
8002
0088
e863
8070
2180
a084
6382
00a4
e863
0070
2180
608c
a18e
00c3
0001
ffc6
a888
9a05
a10e
00c3
0041
dc86
cc2f
3008
fb05
00cf
07fe
2ae3
0543
b180
e91e
00bf
1890
9595
f005
3fff
dd1f
007c
3661
81af
050b
2180
6006
0088
2c21
68d4
1943
42c0
0001
0060
bf71
1e70
14c0
2ff2
09c7
0081
fa00
182f
f244
d007
0002
002c
8845
8d2a
33fd
ec30
fd06
00cb
4271
ffc0
4cff
fc04
ccdd
00bc
2806
ffd4
0cc0
0000
4c01
0080
0c00
ffcb
3cff
f343
c005
00bc
2606
2414
15d0
2ff2
09c3
0001
0000
0018
f600
5108
845f
0039
1800
91eb
dbfe
5118
5961
0000
ffff
d1b3
17cd
f388
b01a
0050
7110
002e
1884
4302
c005
0008
1182
0015
408c
fc84
d898
003f
fb61
0ff3
4400
f9a1
6ad2
00be
8610
6897
09e5
b1c0
1842
005e
08a0
8029
85e1
ff65
1802
005e
18b0
c115
8bf2
ffc5
21d8
00a6
fc47
b0cf
0cff
5002
6240
0054
fe46
0833
6900
3fd8
ff83
0093
8a21
0017
9ac9
d883
2882
005e
8a38
09ed
1b6a
78a1
20a1
00b6
f878
882e
75e2
ffc9
6e30
00be
9c08
108f
59e3
5601
2101
00a4
1c00
8a0b
c3fd
3fec
0083
000c
fe58
0833
8900
3fd9
ff83
0093
8621
8a57
4b62
da8c
1846
005e
aa24
002d
0ac5
7861
e511
00bb
aac5
846d
85e1
ef48
d5de
003b
c05a
1d69
03ff
9086
2002
0008
0cc3
c888
1cbf
0427
18c3
005e
fc84
188f
1aa5
2ff4
09c7
00c1
8640
0017
22c6
0165
e916
003f
ffff
5133
17cd
f322
a01a
0050
ff02
8033
a8c0
d28c
338c
009e
0c00
8d0b
ebfd
3fff
35ab
0072
24aa
512d
3000
0013
9192
003b
e353
832e
03e6
f999
e816
00bf
ff22
9c72
1810
7843
320d
009e
0abf
000d
1882
a904
fd06
00cb
4271
2020
9c30
6220
d840
00bf
1800
050b
0b40
b1c0
5400
0000
ffff
9d73
17cd
f300
a81a
0050
1030
ffc0
3cff
f354
c005
00bc
2606
6014
163e
8f80
f001
00e1
0050
0014
1e20
87c0
fe13
000d
8001
0018
0000
0000
0000
0000
fc14
ff6f
9cff
11ee
fff5
00cf
16e9
1e30
8263
9885
f00e
003f
0864
6de7
7010
0517
fdc8
00c2
0043
39c1
4b43
5241
8401
00b9
0ac7
000d
2600
3ff0
03ff
0094
082f
9d4a
0cfe
0000
0803
00cd
0000
2100
b54a
0bf6
01cf
004c
4075
1a17
0bff
7860
6199
0080
4019
c0d7
fcff
500f
0002
0024
0c2f
802a
0cd0
0000
a22c
0054
fa02
daef
5c2f
2006
117c
0034
0000
ff18
0cc6
0000
0192
005c
1233
0000
8600
ffc7
e996
00cf
0000
0030
65e1
0187
2422
003f
907f
4108
0bf2
b0c0
1846
005e
8855
0029
1ac3
7862
3091
00b6
86c2
886c
25e1
c868
b10e
00b6
8611
8897
2bfd
ff62
1886
005e
f232
806e
15e1
ec52
f65a
005b
fc03
116f
25d0
3ff0
03ff
008c
f652
954e
a3b1
5188
46e9
0052
ff21
9c72
d810
7003
6ff9
00cc
0000
1400
1aa2
2ff4
09c7
0001
ff21
9cb2
0c10
b0c0
a902
0050
a831
2094
0a43
42a0
7001
00cc
0000
2120
0c12
a009
b290
00bf
1800
0902
1bff
894c
1240
00b4
1810
0462
95e3
3fee
0403
0098
ffd8
5c33
8010
d088
f61a
00cf
0008
0466
f5e3
a084
fff6
00cf
3708
0074
05e1
d606
9ce2
0039
0400
3839
4a47
7960
e9cd
003f
a063
9fe6
8341
a0d0
240c
001c
e848
312f
4bec
7860
1211
00b6
f622
15cf
8b41
7000
4c89
0000
1243
0c00
1bff
ffc4
db2e
005b
fc03
0c0f
2bff
4005
0001
0000
fc34
41af
53fa
ffc2
8952
0034
28f4
05ad
b3ff
990b
e1ee
0026
1462
dea7
00dd
8f60
f40b
00bf
5ab4
7d00
1814
0bf7
035b
0004
2136
c5ad
1b4a
0bf7
0197
0020
016a
ffad
6cff
aa55
2d29
00b4
fffe
55b3
5678
3ff0
1fff
0090
3a00
0033
0000
b300
8220
00d4
9d90
220f
23e7
7904
0000
0060
bf71
48f0
6040
7412
f21d
00bf
fcac
842f
45e1
0178
fffc
00cf
3ca5
105f
6bcd
42a0
d881
00bf
fc5a
c08f
fcfe
0003
f122
003f
9a9c
832f
0be6
7881
7189
009e
1c00
042b
05e2
9086
2002
005e
f636
002f
e5e2
520a
2011
003f
8896
b109
0cff
2002
8240
0054
fe48
0833
8980
3fd8
ff83
009b
8421
0017
6ac6
d8a4
1082
005e
8845
8d2d
1b6a
7841
28d1
00b6
f544
082e
55e1
ffc6
6a20
00be
9a0c
188f
59e2
5001
2101
00a4
1000
894b
03fd
3fec
0083
000c
fe40
0833
0900
3fd8
ff83
0093
8621
09d7
6b64
db40
1846
005e
b02a
002d
0ac8
7861
dda9
00bb
b008
846d
65e1
efa5
e11e
003b
fa94
0033
4400
ec47
fffc
00cf
cb65
11df
6bcd
42a0
a28d
00bf
4066
c0d7
fcff
407f
6302
0024
3a00
0033
0800
b300
8244
0054
9d0c
022f
23e7
78c4
e99e
003f
0eff
dc4d
6c2f
100c
affc
00cc
0000
0030
62c4
0175
fffc
00cf
3440
985f
6bcd
4200
0305
005d
fc97
2f2f
0bff
78a1
5e51
0000
ffff
2d73
17cf
f344
a81a
0050
c884
166f
03ff
ff62
f11a
003f
fb02
0ff3
c000
f9a9
6852
00be
8810
2897
09e7
b1c0
2042
005e
08a0
0029
b5e2
ff65
2002
005e
20ae
0115
63f2
9885
fb08
00cf
0020
2404
4544
3fe4
0083
00a8
fd84
f833
193f
7882
7001
00ac
8a27
082d
55e2
d882
a952
00b6
8811
8917
4b62
ef54
2082
005e
fc75
a20f
0be6
f9a1
2208
009e
0015
1015
0a42
b100
d894
003f
fec0
0833
0100
3fe4
0083
0090
fd80
f833
193f
7882
c81d
00b6
8c29
046d
95e2
dac2
6002
00ac
8810
5e57
6bbe
dac0
2046
005e
f95b
91ee
43bd
3fa8
0003
0040
c474
ffce
5cff
fcab
d11d
00bc
2a06
0bd4
7a83
67ca
a301
00bf
fc51
108f
2bff
3700
e004
00e1
006d
6097
061e
8000
fc15
00cf
07ff
9e62
73be
eca7
c16a
003b
1090
4215
cbe7
f9c8
2188
001e
0000
dc58
ac2f
1005
fc84
00cb
4271
1760
05c0
b000
cffe
00cc
0000
1418
1aa2
2ff4
09c7
0001
ffff
1533
77f0
f377
a01a
0050
9a08
e32f
23e6
7886
fc84
00cb
4272
0030
1ac0
7844
fdc5
00c2
0049
2082
0a43
b180
1046
005e
3400
0033
4800
0e88
0127
0008
1000
0062
1884
42e2
2789
0094
14af
d96a
1c2f
b961
ca41
00bf
f2ee
042f
75e1
f377
c442
00c1
0090
2104
0bff
918c
1042
005e
fc71
102f
cbff
6f53
f601
00cf
fff5
9964
33fe
7144
2b7e
0034
e8a2
31af
4bec
7860
d8d5
003f
0b14
002d
62c5
0168
fffc
00cf
3555
985f
6bcd
42a0
f101
00bf
1092
b095
0cff
3002
f910
00cf
0020
6128
0cff
4ffe
1886
005e
8e27
112d
1b6a
7861
209d
00b6
1000
842b
75e1
ef74
0092
00b6
8611
9d97
f005
3fff
d503
007c
3661
01af
6508
7400
f149
00bf
7599
10d6
13ff
ffc6
f058
003f
7b00
1438
1500
8930
dc1b
000d
9000
0018
0000
0000
0000
0000
fc01
232f
0d20
b000
1384
0081
2241
21ad
c547
2089
efca
005b
4004
c857
dbbc
2089
f2ee
005b
0052
0014
0000
0000
0000
0000
ffdf
7033
f817
3ffd
9583
0041
82cc
1516
0500
0000
0000
0000
ffdf
7033
f817
3ffd
9583
0041
8648
1516
0500
0000
0000
0000
ffdf
7033
f817
3ffd
9583
0041
89c4
1516
0500
0000
0000
0000
ffdf
7033
f817
3ffd
9583
0041
89c0
1516
0500
0000
0000
0000
ffdf
7033
f817
3ffd
9583
0041
89bc
1516
0500
0000
0000
0000
8020
0026
1082
fff0
4200
0064
0040
d01a
4cbf
048b
200a
0088
0177
4017
8e40
3ffd
22d3
0001
ff41
2d72
0812
2000
0000
0000
e845
08af
01a0
2180
9ffe
0008
ff10
012f
0082
9000
fd01
00cb
48b5
5000
3e80
7016
fd05
00cb
48b4
f620
4cff
048b
fee4
00cb
48b6
0060
0080
0000
0000
0000
8024
0026
008a
fff2
a19a
003f
0280
0119
0082
7946
011c
00a0
01c0
547a
95c0
2ffb
22d3
0081
ffd8
2d33
9012
2ffb
22db
00c1
0001
0002
0000
0000
0000
0000
8022
f626
0cff
03db
8885
00b5
0000
5062
05c0
9118
200b
0008
00c0
ee3a
4cbf
048b
ff63
00cf
48b4
0000
0000
0000
0000
0000
8020
f626
0cff
03db
8004
00b5
e843
200f
0644
2ff4
22d7
0041
0800
c822
0cbf
0240
fc01
003f
fffe
c473
0410
8000
27e5
00d4
17ff
3002
8e80
3ffd
22d3
0081
0123
d017
4cbf
048b
2302
0068
ffb8
2db2
1c12
2000
2012
0008
8022
c806
0cbf
0240
6002
0008
ff11
ff8f
1cff
0013
0001
0060
01f9
0035
0082
9100
fc81
00cb
2400
0000
e600
3fff
0487
0040
0421
61ca
0540
2ff2
24d7
0001
0000
0018
0121
8000
07d1
0054
ff40
5b72
8c12
3ffd
f6c3
0040
ff20
4d72
1012
d622
0080
0096
0050
c814
1cbf
0240
fff2
00cf
dead
0c20
05e0
a080
0003
0068
8026
f626
0cff
03db
8184
0035
1380
1919
03fa
79c6
0114
0020
e8c0
002f
0882
2ff2
9003
0000
ff00
ff8f
1cff
0011
0001
0060
01f8
5015
8e80
3ffd
22d3
0081
00df
5017
9e82
2ffb
22d3
0041
ffb9
2db2
1812
2000
2012
0008
ff20
0032
0009
8000
fff9
00cf
0131
0010
a600
501f
0149
0050
fee0
2ff3
0900
3fd8
8c03
0008
ffd8
65b3
4812
bc00
2046
005e
6000
60ad
0cff
0dd0
2046
005e
0080
1539
1a60
2180
2146
005e
0000
1422
f500
3fff
1107
00c0
8801
0017
0600
0000
0000
0000
4087
1218
e610
b8a1
fc84
00cf
4000
0525
12e1
3ff2
ffc3
0088
8c34
d0a9
e5cf
3fff
17c7
00f2
0821
0888
aa05
2080
0000
0000
2007
f60e
ecff
0455
8000
0035
0000
14b9
0500
0000
0000
0000
ff98
57b2
0411
8000
8801
0035
0052
085a
1a80
9101
0141
0050
8400
1445
0e82
7803
0001
0000
ff98
57b2
0011
8000
040d
0064
0000
6118
3cff
2ffd
109c
0022
0000
6918
2542
900c
0208
00e4
4087
0938
1ae1
78d0
0611
00e4
4048
2178
18c0
78d0
2979
00ae
fffe
bc73
0f08
78c2
1051
00ae
fffe
7c73
0f21
78c1
1185
00a0
0861
0828
15e3
8142
fd02
00cb
48b4
24b0
08c0
78c1
6219
0054
ffd8
2d73
2812
411c
1085
006e
2011
0858
8a83
3ffd
22d3
0081
8067
1496
0500
0000
0000
0000
ff20
f1f2
8410
3ffd
0edb
0001
6010
000d
0680
2ff2
0f1f
0081
0050
0014
1600
a000
fd02
00cb
43c7
0000
0000
0000
0000
0000
0000
ee2b
6cbf
043c
ff62
00cf
43b6
8060
15fc
8200
0149
0050
ff21
3ff2
101f
fe80
fb08
00cf
15fd
b0a4
dcff
015f
2184
00a8
ff21
3fb2
181f
7884
fd05
00cb
7cff
f630
0cff
0670
2106
005e
6020
006d
05e2
a004
20c7
005e
ff20
3fb2
1c1f
7883
003d
0028
0421
d02a
ecbf
07cf
2107
005e
fec1
7f73
18c5
7880
f609
00cf
ea03
d022
ecbf
07cf
a18f
00c3
0801
1484
0500
0000
0000
0000
ff22
3ff2
041f
8000
fc81
00cb
7cfd
0030
1a45
78a3
523d
00a8
ffd8
c033
1c19
78a1
8845
00b5
0441
846a
05e2
9108
fb0b
00cf
15fd
9063
15e2
2ff4
f3f7
0081
0040
a47a
45e2
3fd8
a80f
008b
ff40
3f72
3c1f
0e86
2007
0014
ff42
3ff2
181f
78a3
0149
0050
ff21
2ff2
1c11
2ff2
803b
0001
fd02
108f
6203
fe82
a026
003f
bf71
2930
e8c0
3777
fc84
00cb
600b
0070
f084
3fff
200b
004e
8c42
0007
1600
0bf7
026b
0084
04e2
c84a
fcbf
07cf
0000
0060
fe44
7f73
2185
51c6
0000
0060
bf71
12b0
10c0
2ff2
1287
0001
0000
c898
ccbf
0600
fc8a
00cb
600d
2430
15e1
0bf7
0103
0000
f080
0073
0802
2ff4
8033
0081
ff40
0372
0c18
784a
0001
0060
402e
ebd7
05bf
9e10
fc85
00cb
7cff
2e10
1a62
2ff2
12d7
0001
0ca4
c824
bcbf
044a
fc83
00cb
44c7
c840
dcbf
07cf
328e
009c
9042
d066
5cbf
044b
2102
005e
ff41
3ff2
0c1f
3f00
3fff
0080
ff40
31f2
0811
7883
228d
009a
ff21
3ff2
081f
2ff4
12af
00c1
8800
d057
dcbf
07cf
fb0f
00cf
15fd
1028
65e2
3fd8
a80f
0093
ff41
3f72
481f
3fe4
57f7
0098
e908
0030
2102
51c6
0000
0060
1186
c855
bcbf
044a
0000
0060
7000
7303
2544
51c6
fc84
00cb
44b5
0c30
15e1
0bf7
010b
0000
0c81
d0aa
5cbf
044b
1102
005e
0000
1858
8a86
b922
fc86
00cb
44ab
c860
dcbf
0600
fd1f
0059
0c40
1048
1a82
2ff4
12af
0081
0ca1
d0aa
dcbf
0600
a015
00bf
e8a0
ce6f
15bf
2ff2
f3ff
0081
ff21
2d72
c411
3fff
57f7
0010
88c2
18e6
41a5
4904
3014
001a
219d
f615
0cff
0670
c25b
0054
1352
c854
ecbf
07cf
2104
006e
6220
200d
1680
2ff2
f3fb
0001
0000
1858
1a82
2ff4
f3fb
0041
fec3
7f73
6085
3fd8
a80f
0093
ff41
3fb2
081f
7844
fc85
00cb
7cff
0000
2600
688c
fd06
00cb
7cff
2880
19a4
2ff4
12d7
0001
7702
14a3
0500
0000
0000
0000
0000
d022
dcbf
07cf
1002
00ac
00af
0071
8740
2ffb
f3fb
00c1
ffd8
c033
1019
8200
fbd5
005b
0000
d022
bcbf
044a
2002
0088
ff40
0372
0c18
4005
fd01
00cb
44c7
d000
ccbf
0600
0001
0000
ffd8
e4b3
0010
d600
0000
0064
0000
0018
4600
500a
8601
00e7
7002
d003
ccbf
03ff
fd01
00cb
496e
04b0
15c0
2ff4
fff3
0080
ffd8
5c33
1412
2ff4
25bf
0001
0002
dc03
ecbf
0fff
fd00
00cb
3ffc
8040
0608
2ff4
fff3
0040
2211
8058
0ae1
9e00
0089
0028
000f
002a
269c
501f
3005
00a8
ff40
fff2
580f
67f1
0029
0008
ffd8
5bb3
2012
4005
0001
0000
0800
6822
c59f
3fff
9403
0000
1000
dfa2
00dd
3700
f62a
0059
fffc
4033
1009
2080
8000
00e7
7d95
0056
c082
100b
c202
00e9
fffc
4033
2009
2100
f63a
0059
fffc
4033
0009
2080
dc08
008d
0052
0014
0000
0000
0000
0000
0800
6122
c59f
3fff
9403
0000
1000
dfa2
00dd
3700
f5ba
0059
fffc
4033
1009
2080
8000
00e7
7d79
0056
3082
a804
c202
00e9
fffc
4033
2009
2100
f5ca
0059
fffc
4033
0009
2080
dc08
008d
0052
0014
0000
0000
0000
0000
ff23
0572
0812
2080
e000
0008
ff30
006f
0286
9030
fc03
003f
ff20
0472
0812
9038
fee5
00cb
4848
c010
0bff
2ff2
204b
0001
0000
c019
0bff
2ff4
207b
0001
ff21
07b2
0012
8000
fc09
00cf
8171
0001
0640
0bf7
070f
004c
ff02
5873
2860
3ff6
05c7
0012
8014
07a9
02f2
0bf7
0287
004c
ff22
fc33
080f
0bf7
0223
00cc
0800
c002
0cff
1017
0000
0060
ff00
5833
0840
0bf7
013f
00cc
8814
0509
aa62
5099
2003
0008
ff20
0532
0012
8000
fc01
003f
8080
c81a
3cbf
0481
fc80
00cb
481e
c000
03ff
3ff2
ffc3
0000
ff40
0073
0830
a000
fc81
00cb
4810
47c0
8d82
3ffd
268b
0001
6000
000d
6640
7433
6001
0088
0099
c815
4cbf
0481
0000
0060
ff00
800f
06a0
2ff2
204f
0001
ff20
07b2
0012
fff0
fc80
00cf
3ff0
d000
1cff
0c00
0002
0068
ff20
0432
6012
6090
ff63
00cf
49a2
0000
0358
9000
0c75
005d
ff20
0532
0012
8000
fc01
003f
8180
c85a
3cbf
0481
fc80
00cb
481e
c400
03ff
3ff2
ffc3
0000
ff40
0073
0830
a000
fc81
00cb
4810
3bc0
8d82
3ffd
268b
0001
6000
000d
6640
7430
2001
0088
1800
26a2
0540
2ff2
2053
0001
0000
c018
03ff
a820
fc81
00cb
4813
c800
ecbf
0481
fc00
003f
ff20
fc33
000f
3ff4
0007
0083
0000
c81a
0cbf
0481
2354
00d8
ffd8
68b3
0012
d600
0000
0064
42ec
c817
4cbf
0481
0000
0060
ff00
600f
16a0
2ff2
204f
0001
ff20
07b2
0012
fff1
fc80
00cf
3ff0
d000
1cff
0c00
0002
0068
ff20
0432
e012
608b
ff63
00cf
49a2
0000
0358
9000
0b55
005d
ff20
0532
0012
8000
fc01
003f
8100
c81a
3cbf
0481
fc80
00cb
481e
c000
03ff
3ff2
ffc3
0000
ff40
0073
0830
a000
fc81
00cb
4810
29c0
8d82
3ffd
268b
0001
6000
000d
e640
742b
fc81
00cb
480e
0010
0600
6002
fe42
00cf
00d6
f610
2cff
049a
fdc1
00c2
00fd
0021
8082
3ffd
89c3
0001
6000
054d
0640
8000
0039
0028
8002
0008
6600
5019
fc81
00cb
4814
0000
0600
fff0
0e00
006a
ff20
04f2
0012
2ff2
207b
0001
ff00
c80f
0cff
03ff
fd00
00cf
c001
0020
0680
2ff2
2043
0001
087c
8016
0358
9000
0a55
005d
fee0
34b2
0000
8000
0005
0024
2800
dc02
fc2f
300b
ff42
00cf
00d5
c880
8cbf
060a
0000
0060
ff20
2972
0818
fff2
2106
005e
0000
003a
1882
7884
fd01
00cb
60a8
c830
ecbf
0480
20c7
005e
ffd8
29b3
0018
d601
0800
0064
0000
f618
3cff
060a
fc8b
00bf
8811
8457
1b58
7880
4001
00e4
ffd8
5fb3
1c15
7883
4001
00e8
6212
0c6d
05e2
a800
8803
00e4
8831
0017
8600
3ffd
5603
0081
2000
c879
1bff
7885
8041
00b5
0800
0462
05e2
9008
4003
00e4
8891
c017
1bff
7880
0061
00a6
8801
0817
0a00
a000
2107
005e
9000
e43a
8cbf
0484
20c6
005e
ffb8
12b2
2012
2ff2
9073
0001
0000
1058
4244
2ff2
206f
0081
8431
f617
3cff
0634
2003
0089
8411
d017
1bff
7840
0001
00ea
8431
c8d7
acbf
0481
10c6
005e
3800
0062
05e1
fff3
1006
005e
0080
0c79
05e1
8000
1005
00aa
0000
107a
05e1
2ff2
203b
0081
8431
0017
0600
3ff9
035b
0080
8401
dc57
9c2f
2004
8800
00b5
8401
2017
1ea0
7843
4089
0024
ff23
0672
0812
7823
ff61
00cf
6343
0030
188e
7822
fcc1
00bf
8200
0017
0ea0
7823
fc89
00cb
4818
8c20
05e0
8000
fc81
00bf
8200
0017
0e40
7823
fc89
00cb
481d
8c60
15e0
a800
0002
00e8
8240
c817
ecbf
0480
08c2
005e
ffd8
d0f3
0c18
7820
fe41
00cf
00d6
8022
05e0
fff2
0806
005e
6240
802d
05e0
a808
08c3
005e
8000
8c7a
25e0
2ff2
2073
0081
8231
0017
0600
fff2
0806
005e
0000
8c79
05e0
8000
0005
00aa
0000
907a
05e0
2ff2
203b
0081
8231
0017
0600
3ff9
035b
0088
8201
0017
0600
d624
0806
005e
8080
8c7a
05e0
2ff2
203b
0001
0000
e418
6cff
000d
ff60
00cf
6270
0000
5358
9001
0001
0060
0022
7629
35c0
9006
1a56
00ea
8271
c557
3ea1
0e86
1923
0004
0000
c8b9
4cbf
0481
0000
0060
0001
002a
0e80
fff2
1400
006a
ff20
04f2
0012
2ff2
207b
0001
ff00
c80f
0cff
03ff
fd00
00cf
c001
0020
0680
2ff2
2043
0001
07a0
8016
0358
9000
06e5
005d
ff20
0532
0012
8000
fc01
003f
8400
c81a
3cbf
0481
fc80
00cb
481e
c000
03ff
3ff2
ffc3
0000
ff40
0073
0830
a000
fc81
00cb
4810
e2c0
0581
d620
0000
0064
41a4
c857
fcbf
0480
00d0
0026
0441
f606
2cff
049a
fdc1
00c2
0189
0031
0082
2ff2
203b
0041
0000
e418
6cff
100d
ff61
00cf
6270
0800
5358
9009
0001
0060
0444
08a9
1241
8044
0000
0060
0997
0035
0082
2ff2
2053
0001
0000
c018
03ff
a838
fc81
00cb
4813
c800
ecbf
0481
fc00
003f
ff20
fc33
000f
3ff4
0007
0083
0000
c81a
0cbf
0481
1d74
0058
6200
000d
6640
7417
fb81
00cb
00d2
0001
1086
9042
ff40
00cf
00d5
dc00
3c2f
3014
2003
0008
ff23
2a32
0018
8000
e001
0088
ff21
2972
1818
78c4
fcc1
00bf
8c01
2017
1e80
78c3
fd01
00cb
60a8
c830
ecbf
0480
30c7
005e
ffd8
29b3
0018
d601
0c00
0064
0000
f618
3cff
060a
e003
0088
8c11
8457
2b58
fff3
3046
005e
1100
f639
ecff
0557
30c7
005e
1080
84ba
1b58
78c3
0001
00ea
2300
0c79
05e3
8000
e001
0088
ffd8
6033
0815
9210
3147
005e
ff31
042f
1b58
78c1
4201
00e4
0100
2479
05e3
fff1
3006
005e
8438
0069
15e3
8044
0102
00e8
8c41
0017
1ea4
78c3
fc85
00cb
446e
0000
0600
2ff2
20a7
00c1
c014
1c6b
15e1
fe42
fc86
00cb
641c
0020
25e1
9843
fc86
00cb
641c
0030
15e1
2080
ff62
00cf
4830
0060
65e1
e213
3106
0024
ff24
0b32
0812
2580
1106
005e
4800
1862
1b58
7840
fd01
00bf
1080
1079
05e1
a004
10c7
005e
ff25
0b72
1812
9108
1247
005e
112b
d415
1bff
7840
0101
00e8
8431
1097
3243
2ff2
20ab
0081
1080
2439
05e1
2380
e002
0088
8421
cc17
0bff
7840
0101
00e8
4800
1022
45e1
2ff2
20af
0081
1081
2439
35e1
2ff2
20bb
0081
1080
2479
05e1
fff4
1002
005e
0040
cc3a
0bff
7847
0101
00e8
8431
c917
fcbf
0482
4206
00e4
8491
0017
1892
7840
fd01
00bf
8401
1017
1e80
7843
fc81
00cb
446e
0010
0086
2380
22b8
00d4
fffe
e173
1400
2ff2
20a3
0081
fffe
e133
cc01
bc01
10c4
00a6
ff23
07f2
1812
2ff2
9073
0041
8c42
ffa6
2cff
0014
0101
009a
0800
8827
05e0
3fe0
007f
0080
b000
882f
85e0
b841
fcc2
00bf
8600
0817
89a0
b840
0002
00e8
8620
c857
0cbf
0482
0006
002f
ff20
dff3
081f
2180
fc40
00bf
c011
000b
1e80
3ff2
fdff
0005
ff21
0872
f012
7001
fc41
003f
0040
c85a
ccbf
0641
fc8e
00cb
481f
0000
8600
b820
0822
00ae
8420
0817
09a0
fff3
1002
005e
8018
000b
09a1
a000
fc85
00cb
4820
0060
02f0
3ff2
fdff
0005
ff10
806f
02f0
a004
fc85
00cb
4821
c800
fcff
07f7
fc40
003f
0000
e41a
8cbf
0484
fee0
00cb
484a
c800
ccbf
0641
0001
0060
0401
f609
3cff
0634
0675
0054
0402
0009
1082
501b
fc81
00cb
4819
0000
1600
a000
fc00
003f
8000
c81a
8cbf
0481
0000
0060
0001
c00a
03ff
9000
0001
0060
8001
002a
0680
2ff2
203b
0001
0000
e418
6cff
000d
00cc
00dc
ffd8
d0f3
0018
d600
0200
006a
ff20
06f2
0012
8000
0105
0028
ff10
000f
06a0
2ff2
206b
0001
0000
1058
0280
fff1
0000
0064
0000
0058
0aa0
a000
fc81
00cb
480e
0000
0600
3ff9
035b
0000
001a
8017
0358
a808
fc81
00cb
481d
0000
1600
a000
fc00
003f
8000
c81a
ccbf
0481
0000
0060
0001
c00a
03ff
9000
0001
0060
8001
002a
0680
2ff2
203b
0001
0000
e418
6cff
000d
0000
0060
6200
200d
06a0
2ff2
203b
0001
0000
e418
6cff
000d
ff60
00cf
6270
0000
5358
9001
0001
0060
0022
0d29
45c0
9008
1656
00ea
8271
8557
4ea1
0e88
1923
0004
0000
c879
4cbf
0481
0000
0060
0001
002a
0e80
fff1
1400
006a
ff20
04f2
0012
2ff2
207b
0001
ff00
c80f
0cff
03ff
fd00
00cf
c001
0020
0680
2ff2
2043
0001
05fc
8016
0358
9000
0055
005d
ff20
0532
0012
8000
fc01
003f
8400
c81a
3cbf
0481
fc80
00cb
481e
c000
03ff
3ff2
ffc3
0000
ff40
0073
0830
a000
fc81
00cb
4810
79c0
0581
d620
0000
0064
0052
0014
0000
0000
0000
0000
ff23
14f2
0812
2080
e000
0008
ff30
006f
0286
9030
fc03
003f
ff20
13f2
0812
9038
fee5
00cb
4886
c010
0bff
2ff2
2143
0001
0000
c019
0bff
2ff4
2173
0001
ff21
1732
0012
8000
fc09
00cf
8171
0001
0640
0bf7
070f
004c
ff02
5873
2860
3ff6
05c7
0012
8014
07a9
02f2
0bf7
0287
004c
ff22
fc33
080f
0bf7
0223
00cc
0800
c002
0cff
1017
0000
0060
ff00
5833
0840
0bf7
013f
00cc
8814
0509
aa62
5099
2003
0008
ff20
14b2
0012
8000
fc01
003f
8080
c81a
1cbf
0485
fc80
00cb
485c
c000
03ff
3ff2
ffc3
0000
ff40
0073
0830
a000
fc81
00cb
484e
66c0
8d81
3ffd
268b
0001
6000
000d
6640
7433
6001
0088
0099
c815
2cbf
0485
0000
0060
ff00
800f
06a0
2ff2
2147
0001
ff20
1732
0012
fff0
fc80
00cf
3ff0
d000
1cff
0c00
0002
0068
ff20
13b2
2012
6058
ff63
00cf
49a2
0000
0358
9000
0c75
005d
ff20
14b2
0012
8000
fc01
003f
8180
c85a
1cbf
0485
fc80
00cb
485c
c400
03ff
3ff2
ffc3
0000
ff40
0073
0830
a000
fc81
00cb
484e
5ac0
8d81
3ffd
268b
0001
6000
000d
6640
7430
2001
0088
1800
26a2
0540
2ff2
214b
0001
0000
c018
03ff
a820
fc81
00cb
4851
c800
ccbf
0485
fc00
003f
ff20
fc33
000f
3ff4
0007
0083
0000
c81a
ecbf
0484
1544
00d8
ffd8
68b3
0012
d600
0000
0064
42ec
c817
2cbf
0485
0000
0060
ff00
600f
16a0
2ff2
2147
0001
ff20
1732
0012
fff1
fc80
00cf
3ff0
d000
1cff
0c00
0002
0068
ff20
13b2
a012
6053
ff63
00cf
49a2
0000
0358
9000
0b55
005d
ff20
14b2
0012
8000
fc01
003f
8100
c81a
1cbf
0485
fc80
00cb
485c
c000
03ff
3ff2
ffc3
0000
ff40
0073
0830
a000
fc81
00cb
484e
48c0
8d81
3ffd
268b
0001
6000
000d
e640
742b
fc81
00cb
484c
0010
0600
6002
fe42
00cf
00d6
f610
2cff
049a
fdc1
00c2
00fd
0021
8082
3ffd
89c3
0001
6000
054d
0640
8000
0039
0028
8002
0008
6600
5019
fc81
00cb
4852
0000
0600
fff0
0e00
006a
ff20
1472
0012
2ff2
2173
0001
ff00
c80f
0cff
03ff
fd00
00cf
c001
0020
0680
2ff2
213b
0001
04f8
8016
0358
9000
0a55
005d
fee0
34b2
0000
8000
0005
0024
2800
dc02
fc2f
300b
ff42
00cf
00d5
c880
8cbf
060a
0000
0060
ff20
2972
0818
fff2
2106
005e
0000
003a
1882
7884
fd01
00cb
60a8
c830
ccbf
0484
20c7
005e
ffd8
29b3
0018
d601
0800
0064
0000
f618
3cff
060a
fc8b
00bf
8811
8457
1b58
7880
4001
00e4
ffd8
5fb3
1c15
7883
4001
00e8
6212
0c6d
05e2
a800
8803
00e4
8831
0017
8600
3ffd
5603
0081
2000
c879
1bff
7885
8041
00b5
0800
0462
05e2
9008
4003
00e4
8891
c017
1bff
7880
0061
00a6
8801
0817
0a00
a000
2107
005e
9000
e43a
6cbf
0488
20c6
005e
ffb8
2232
2012
2ff2
9073
0001
0000
1058
4244
2ff2
2167
0081
8431
f617
3cff
0634
2003
0089
8411
d017
1bff
7840
0001
00ea
8431
c8d7
8cbf
0485
10c6
005e
3800
0062
05e1
fff3
1006
005e
0080
0c79
05e1
8000
1005
00aa
0000
107a
05e1
2ff2
2133
0081
8431
0017
0600
3ff9
035b
0080
8401
dc57
9c2f
2004
8800
00b5
8401
2017
1ea0
7843
4089
0024
ff23
15f2
0812
7823
ff61
00cf
6343
0030
188e
7822
fcc1
00bf
8200
0017
0ea0
7823
fc89
00cb
4856
8c20
05e0
8000
fc81
00bf
8200
0017
0e40
7823
fc89
00cb
485b
8c60
15e0
a800
0002
00e8
8240
c817
ccbf
0484
08c2
005e
ffd8
d0f3
0c18
7820
fe41
00cf
00d6
8022
05e0
fff2
0806
005e
6240
802d
05e0
a808
08c3
005e
8000
8c7a
25e0
2ff2
216b
0081
8231
0017
0600
fff2
0806
005e
0000
8c79
05e0
8000
0005
00aa
0000
907a
05e0
2ff2
2133
0081
8231
0017
0600
3ff9
035b
0088
8201
0017
0600
d624
0806
005e
8080
8c7a
05e0
2ff2
2133
0001
0000
e418
6cff
000d
ff60
00cf
6270
0000
5358
9001
0001
0060
0022
7629
35c0
9006
1a56
00ea
8271
c557
3ea1
0e86
1923
0004
0000
c8b9
2cbf
0485
0000
0060
0001
002a
0e80
fff2
1400
006a
ff20
1472
0012
2ff2
2173
0001
ff00
c80f
0cff
03ff
fd00
00cf
c001
0020
0680
2ff2
213b
0001
041c
8016
0358
9000
06e5
005d
ff20
14b2
0012
8000
fc01
003f
8400
c81a
1cbf
0485
fc80
00cb
485c
c000
03ff
3ff2
ffc3
0000
ff40
0073
0830
a000
fc81
00cb
484e
01c0
0581
d620
0000
0064
41a4
c857
dcbf
0484
00d0
0026
0441
f606
2cff
049a
fdc1
00c2
0189
0031
0082
2ff2
2133
0041
0000
e418
6cff
100d
ff61
00cf
6270
0800
5358
9009
0001
0060
0444
08a9
1241
8044
0000
0060
0997
0035
0082
2ff2
214b
0001
0000
c018
03ff
a838
fc81
00cb
4851
c800
ccbf
0485
fc00
003f
ff20
fc33
000f
3ff4
0007
0083
0000
c81a
ecbf
0484
0f64
0058
6200
000d
6640
7417
fb81
00cb
00d2
0001
1086
9042
ff40
00cf
00d5
dc00
3c2f
3014
2003
0008
ff23
2a32
0018
8000
e001
0088
ff21
2972
1818
78c4
fcc1
00bf
8c01
2017
1e80
78c3
fd01
00cb
60a8
c830
ccbf
0484
30c7
005e
ffd8
29b3
0018
d601
0c00
0064
0000
f618
3cff
060a
e003
0088
8c11
8457
2b58
fff3
3046
005e
1100
f639
ecff
0557
30c7
005e
1080
84ba
1b58
78c3
0001
00ea
2300
0c79
05e3
8000
e001
0088
ffd8
6033
0815
9210
3147
005e
ff31
042f
1b58
78c1
4201
00e4
0100
2479
05e3
fff1
3006
005e
8438
0069
15e3
8044
0102
00e8
8c41
0017
1ea4
78c3
fc85
00cb
446e
0000
0600
2ff2
219f
00c1
c014
1c6b
15e1
fe42
fc86
00cb
641c
0020
25e1
9843
fc86
00cb
641c
0030
15e1
2080
ff62
00cf
486e
0060
65e1
e213
3106
0024
ff24
1ab2
0812
2580
1106
005e
4800
1862
1b58
7840
fd01
00bf
1080
1079
05e1
a004
10c7
005e
ff25
1af2
1812
9108
1247
005e
112b
d415
1bff
7840
0101
00e8
8431
1097
3243
2ff2
21a3
0081
1080
2439
05e1
2380
e002
0088
8421
cc17
0bff
7840
0101
00e8
4800
1022
45e1
2ff2
21a7
0081
1081
2439
35e1
2ff2
21b3
0081
1080
2479
05e1
fff4
1002
005e
0040
cc3a
0bff
7847
0101
00e8
8431
c917
dcbf
0486
4206
00e4
8491
0017
1892
7840
fd01
00bf
8401
1017
1e80
7843
fc81
00cb
446e
0010
0086
2380
22b8
00d4
fffe
e173
1400
2ff2
219b
0081
fffe
e133
cc01
bc01
10c4
00a6
ff23
1772
1812
2ff2
9073
0041
8c42
ffa6
2cff
0014
0101
009a
0800
8827
05e0
3fe0
007f
0080
b000
882f
85e0
b841
fcc2
00bf
8600
0817
89a0
b840
0002
00e8
8620
c857
ecbf
0485
0006
002f
ff20
dff3
081f
2180
fc40
00bf
c011
000b
1e80
3ff2
fdff
0005
ff21
17f2
f012
7001
fc41
003f
0040
c85a
ccbf
0641
fc8e
00cb
485d
0000
8600
b820
0822
00ae
8420
0817
09a0
fff3
1002
005e
8018
000b
09a1
a000
fc85
00cb
485e
0060
02f0
3ff2
fdff
0005
ff10
806f
02f0
a004
fc85
00cb
485f
c800
fcff
07f7
fc40
003f
0000
e41a
6cbf
0488
fee0
00cb
4888
c800
ccbf
0641
0001
0060
0401
f609
3cff
0634
0675
0054
0402
0009
1082
501b
fc81
00cb
4857
0000
1600
a000
fc00
003f
8000
c81a
6cbf
0485
0000
0060
0001
c00a
03ff
9000
0001
0060
8001
002a
0680
2ff2
2133
0001
0000
e418
6cff
000d
00cc
00dc
ffd8
d0f3
0018
d600
0200
006a
ff20
1672
0012
8000
0105
0028
ff10
000f
06a0
2ff2
2163
0001
0000
1058
0280
fff1
0000
0064
0000
0058
0aa0
a000
fc81
00cb
484c
0000
0600
3ff9
035b
0000
001a
8017
0358
a808
fc81
00cb
485b
0000
1600
a000
fc00
003f
8000
c81a
acbf
0485
0000
0060
0001
c00a
03ff
9000
0001
0060
8001
002a
0680
2ff2
2133
0001
0000
e418
6cff
000d
0000
0060
6200
200d
06a0
2ff2
2133
0001
0000
e418
6cff
000d
ff60
00cf
6270
0000
5358
9001
0001
0060
0022
0d29
45c0
9008
1656
00ea
8271
8557
4ea1
0e88
1923
0004
0000
c879
2cbf
0485
0000
0060
0001
002a
0e80
fff1
1400
006a
ff20
1472
0012
2ff2
2173
0001
ff00
c80f
0cff
03ff
fd00
00cf
c001
0020
0680
2ff2
213b
0001
0278
8016
0358
9000
0055
005d
ff20
14b2
0012
8000
fc01
003f
8400
c81a
1cbf
0485
fc80
00cb
485c
c000
03ff
3ff2
ffc3
0000
ff40
0073
0830
a000
fc81
00cb
484e
98c0
0580
d620
0000
0064
0052
0014
0000
0000
0000
0000
ffd8
03b3
c812
7402
0001
0000
ffd8
1333
8812
7402
0001
0000
ff20
f972
0811
4005
0001
0060
0001
d02a
5cbf
047e
0000
0000
f612
e42f
ecff
0003
ff60
00cf
4836
0030
1610
ff60
ff66
00cf
4830
44c0
1bc0
f021
0488
00bc
ffd8
0f33
0412
a100
044b
00bc
0321
100f
1e82
f022
ff66
00cf
4842
0060
0610
a080
0847
00bc
0050
4854
03c0
a084
0001
0000
0005
0019
1600
a000
2002
0008
ff01
000f
56a2
9000
0041
0064
ff01
c80f
0cff
03ff
fd00
00cf
4001
0020
0682
9010
ff65
00cf
6270
10c0
43fa
3fc8
b35b
0006
ffd8
9c33
1418
d640
884a
0035
ffd0
3473
0440
9100
0001
0060
0001
002a
5682
9209
0001
0060
040b
0009
a600
5018
1031
0024
0000
61d8
dd40
9040
1038
00a4
0183
20d5
4540
2000
000e
005d
0003
0542
1e84
3ff9
035b
0000
0050
f634
3cff
0634
8805
0035
8800
001a
0000
0000
0000
0000
2800
0022
0096
2480
ff62
00cf
49ae
0030
cc40
2002
6420
0008
4008
61a2
054a
2401
ff62
00cf
6561
21e0
854a
3ffd
9687
0081
4004
0017
a600
fe96
0204
006e
0000
b258
8cff
7001
826c
0054
ff94
07b3
fc00
a210
a52a
00c3
0001
4207
3896
2ff2
2027
0081
2521
982a
25e3
d620
a52a
00c3
0001
52c7
1bfa
2ff2
947b
0080
8e70
ee17
8cbf
0480
a31b
00c3
0600
4007
ae24
fe96
a52a
00c3
0601
7887
1550
a14a
0000
0060
0052
0014
0000
0000
0000
0000
2300
0019
66a0
3fec
0063
0008
0088
2698
3544
3ff9
007b
0004
ffd9
6bb3
4412
d662
0604
00e5
ffd9
6c33
3412
d662
84ba
0038
0c03
90c6
6359
5188
0001
00e5
44c0
033b
05c0
a000
0001
0060
18c1
87aa
60c8
3fec
0063
000c
fd84
07b3
d100
519e
6005
00a8
1000
14ba
0500
0000
0000
0000
3000
0022
0080
2500
ff62
00cf
4c7e
0030
cc40
2002
a420
0008
480c
61a2
454c
2483
ff66
00cf
65e1
21e0
954c
3ffd
9887
0081
4004
0017
b600
fe80
2384
006e
0000
b298
0cff
8004
e26c
0054
ff95
08b3
f840
a252
a5ae
00c3
0001
4208
0880
2ff2
2027
00c1
2941
182a
05e4
d622
a5ae
00c3
0001
5808
2bfa
2ff2
947b
0080
9070
ee57
8cbf
0480
a086
00c3
0600
6008
be20
fe80
a5ae
00c3
0601
7888
1552
a18c
0000
0060
0052
0014
0000
0000
0000
0000
216e
e4ae
8cbf
043c
ff63
00cf
49b0
a010
fe20
22ff
ff66
00cf
49ae
0020
0c40
8002
8b05
0035
c044
07b2
0000
8000
0001
0060
209b
1915
29c4
2fee
ff8f
0013
c10c
010f
a184
594c
8250
0054
5193
e2d5
0e44
7843
5031
00e4
8431
5057
5e11
fe8c
a39e
00c3
0848
5082
5e11
fe8c
a422
00c3
0849
a002
7e20
0e8e
1923
0008
8280
4238
9c3a
2064
2278
000c
fee5
a673
410e
2ff2
202f
00c1
ff20
47b2
0809
7889
0141
0050
0913
4a62
0c3a
4000
fee0
00cb
480a
4a60
0c3a
4060
0000
0000
7ff6
dca3
00dd
a780
a0b3
00bf
ffd8
8033
781f
87a4
c001
00e7
e844
a0af
ce3d
3fff
eb3b
0027
ff01
e078
ae3d
fea4
a92e
003f
ff90
23b3
5800
fea6
f80a
00e3
77d6
01f2
6380
27fd
001f
00b8
f17c
0833
c820
3f14
00e3
0006
6000
5e2d
0cfc
4210
df5a
00c9
000b
bc0e
ccbf
4008
c572
00cf
0160
512a
8cfc
b817
fff0
00cf
face
4024
4e20
3f17
8683
00af
76ca
581a
0cfc
e01d
f11a
00e9
fffc
b3b3
417e
fea4
0406
00e2
f200
5539
2cfc
4008
ca18
00e9
ebe8
382f
0bfa
9f18
aed1
00bf
e878
80ef
5e20
8790
fff1
00cf
face
6127
3e20
87cc
fff1
00cf
face
41f5
ce21
3fff
d293
0014
e9f6
ff2f
ecff
ffac
1e0b
0062
fffc
b3b3
587e
8800
fff3
00cf
face
c4dd
ce21
3fff
eb3b
00bf
fffc
b3b3
85fe
8838
a153
00bf
fffc
b3b3
967e
8858
e50f
0061
850a
58b8
b3fa
8860
fff3
00cf
36a4
8065
c5e1
8868
2003
0088
fffc
b3b3
e6fe
8840
fff3
00cf
face
2491
ce20
3fff
eb3b
000f
8286
ff38
2cff
d345
0c40
00e2
fffc
94b3
1b4d
7880
fbc1
00cb
0022
8345
f620
8818
004b
0058
7480
003a
167c
a74c
2005
0088
000d
3056
0e9d
9f00
d201
0069
7f02
d0b8
161e
87f8
ef07
00e1
770e
e2a3
28df
4005
0001
0000
ff90
23b3
0900
3ff9
00cb
00c8
78c0
f618
8cff
07e2
a02e
003f
6082
282d
1240
d644
a02a
003f
fd8c
8033
7902
8898
f257
00cf
5802
8078
c5e0
3fd8
0803
0090
ff92
23b3
0d40
8880
0803
005e
fffc
b3b3
a8fe
8888
1303
0024
60a4
f62d
0cff
07e0
a10c
00bf
bc20
f806
6cff
b801
ff66
00cf
7e28
e4d0
2cff
8003
ff6e
00cf
5522
1000
4b5a
d608
1006
006d
8002
162b
0cfc
2006
140a
006d
fd8e
0c33
7c80
d668
0806
005e
fd8e
0433
ac80
3ffd
544b
00c1
8200
3817
4b5b
b440
c153
00cf
0110
8148
2b5a
d650
1516
006d
e9ae
a02f
3b59
b448
b90d
00b5
fffc
b3b3
343e
3fd9
0043
0088
8c09
ff38
ecff
dfac
2c2c
00e2
fffc
b3b3
cbfe
3fff
eb3b
0023
8b8c
ff38
ecff
6fac
a532
003f
8a08
1038
cb58
3fff
eb3b
0017
8986
5938
0bfa
3f05
00b3
0002
9b10
1338
0cfc
9008
c152
00cf
80a0
4444
4e20
3f04
0703
00b0
e8ec
ff0f
ecff
7fac
264a
00e2
e92e
590f
cbfa
3fff
eb3b
00a7
8a14
e4d8
6e22
fe84
2c34
00e2
e862
a38f
ce22
3fff
eb3b
002f
890f
6598
0e22
4005
2261
00e2
fffc
b3b3
70fe
8889
0001
0000
8084
0068
03fa
2ff4
86d3
00c1
0000
4222
1880
7886
fc85
00cb
4809
c870
ecbf
0251
2242
005e
0050
4214
8886
2ffb
2023
00c1
e863
0030
0102
8000
0001
0000
0801
c822
3cbf
061b
fffd
00cf
8400
c833
4cbf
061b
1004
001e
8400
0027
0882
4005
1001
0012
0000
0018
0000
0000
0000
0000
0801
0122
f5cd
3fff
100b
00ce
0000
ff02
0cff
1322
0000
0000
777a
fea3
00df
a708
fe43
00cf
00d6
a061
8e3f
3ffd
8abb
0041
7b41
80bb
0e3f
2000
4002
008b
0000
1071
2080
b7b0
e103
00e9
d801
8b62
0358
9f10
0007
000b
ffde
9c33
f810
3fff
bd07
004f
8441
0007
70b2
508b
ff19
00cb
44cc
0c30
85d0
8842
42aa
0054
08a8
2015
0670
8000
020d
0050
ff98
3332
c811
6835
0085
005d
ff98
3332
8811
6844
0075
005d
ff98
3332
0811
6857
0065
005d
ff98
3332
0811
2080
fd02
00cb
6013
6630
25a0
7401
fe61
00cb
44cc
d360
3cbf
0601
0647
005a
400c
e617
ccbf
044c
2dce
005a
4008
e617
ccbf
044c
376e
005a
4004
e617
ccbf
044c
322e
005a
b181
c86b
1299
3660
0218
0057
e080
1459
2540
7e02
90b6
0029
0000
ac98
18db
a6b4
fc08
00e1
3b02
d05b
1e1f
b3b4
dc1b
008d
7f86
14a3
0500
0000
0000
0000
fee1
0033
0142
3ff9
035b
0084
ffd8
9df3
1818
78a1
0001
0088
0108
8862
05e2
d602
2806
005e
0040
8c7a
25e2
2ff2
2027
0081
ff21
47b2
0809
78a9
0141
0050
1908
2122
0c3a
5000
fee0
00cb
4808
2130
0c3a
5060
0000
0000
fee1
0033
0142
3ff9
035b
0084
ffd8
9e33
1818
78a1
0001
0088
0108
8862
05e2
d602
2806
005e
0040
8c7a
25e2
2ff2
2027
0081
ff21
47b2
0809
78a9
0141
0050
1908
2122
0c3a
5000
fee0
00cb
4808
2130
0c3a
5060
0000
0000
7ff6
dd23
20dd
8fe8
4007
0088
7ac3
f63b
acff
0627
f80d
00e3
ffff
06f3
9ce2
3ffd
875b
0081
7a84
c11b
1edf
b803
ed16
00ed
e81a
804f
1b58
b784
9d8b
00bf
7880
0eda
0b59
2c80
4000
0089
ffde
9c33
e018
366b
ff5a
00cf
00a4
000a
20b0
2c14
0043
0000
0000
1058
0242
8000
fdc5
00c2
004f
c801
1bfa
feb4
fdd6
00c2
004d
1bc3
05a0
3700
4002
0089
bf70
1230
a040
6b16
ff19
00cb
44cc
00b0
d8de
6ad9
ff61
00cf
427b
c830
13fa
d63a
ac06
003f
1180
7419
73ff
4008
4003
0008
82b0
0296
4bfa
7402
0e75
005a
e80a
086f
15d0
2100
fd06
00cb
6013
3ca0
a5a0
fe80
006e
005d
ff41
04f2
c818
680e
a029
00bf
4016
9cd7
a5a3
fe80
004e
005d
8ed0
0296
0bfa
7401
3d55
005a
e80a
036f
25d0
684b
a029
00bf
400a
b0d7
a5a2
fe80
001e
005d
8d2c
0296
4bfa
7400
2f75
005a
e80a
010f
b8dc
6ad6
e109
00e1
7c01
1018
1e1b
b384
0401
00bb
d875
0898
0330
8d80
10c3
005e
e100
2019
9682
9c10
0001
0060
0b62
2268
1698
a630
baca
000d
e042
6b08
10d7
0bf7
fea3
000f
6721
422a
1e70
b384
50c3
005e
e482
6028
0e7c
7943
8421
008d
7841
f43b
6cff
100d
5003
005e
8862
2027
0e84
2500
5142
005e
bf72
e4b0
68ff
3ffd
035b
0030
7f03
a138
0ece
fe94
fd08
00e1
3ac3
c11b
5ecf
b3b4
dc33
008d
7f8a
14a3
0500
0000
0000
0000
ff90
35b3
8840
3ffd
89c3
0001
0001
0802
fb58
3fff
0087
004e
0007
0219
1640
7802
1000
009e
0800
1422
0500
4840
0000
0060
8000
df3a
10dd
2ff2
804f
0081
7a81
429b
03ff
8000
4225
00d4
e80a
e64f
0cbf
0600
4002
0064
2a70
2296
0612
8f10
001d
005d
ff99
0032
0818
9100
b4a5
0058
488d
4018
163c
2ff2
2617
0001
0000
0098
8086
5109
fc85
00cb
4985
0000
1600
9084
0000
0060
118b
c855
5cbf
0498
0000
0060
0843
0009
7600
5108
4007
0008
ff41
6172
a812
7400
fd05
00cb
4985
c850
5cbf
0498
0000
0060
0000
7a98
2544
9284
0000
0060
bf71
1530
10c0
2ff2
804f
0001
0000
0018
fcc4
1ab3
4248
00d4
0800
3ef3
806e
2ffb
5b4b
00c1
01a7
0a35
8080
2ff9
8003
0081
3d7e
f656
8cff
056d
ff67
00cf
56d6
0040
8882
3ffd
5b4b
0041
400f
ee57
2cbf
056d
0662
00d4
0028
e602
0cbf
0600
f5be
0058
ffd9
b633
9c15
3ffd
5b5b
0001
0801
f622
2cff
056d
ff61
00cf
605f
62a0
0540
2ff9
5b63
0001
ff90
b6b2
cc15
63e5
8009
003e
a086
c84f
6cbf
0498
0000
0060
1802
2602
1544
2ff2
261b
0001
0000
1058
0242
8000
462d
0054
ff21
61b2
0012
8000
210d
0024
0000
21d8
1d44
2100
fd04
00cb
4986
02a0
15d0
2ff4
261b
0041
ff21
61b2
0012
8000
0001
0060
11ea
c855
0cbf
0551
fc87
00cb
605f
0000
2600
70c4
4202
0069
3a81
003b
4880
3770
014a
0050
0181
ff39
08df
b0c0
ff00
00cb
6000
ee60
4cbf
056d
2007
00ac
7772
ee43
6cbf
056d
f806
00e3
1001
2002
6e10
b7ac
ffff
00cf
8878
0033
2cc2
6000
c20c
00e3
fd0b
002f
0caf
1000
e000
00ca
0002
2022
03fa
2b80
0013
0084
bf65
c130
4422
8f08
2003
00cc
0001
214f
1e3c
fe8a
a034
00bf
01ad
0055
7884
6122
a201
003f
eb01
034f
1bfa
feb0
049e
0054
1000
0062
0086
8000
c001
00e6
9465
0356
4bfa
200b
abde
005a
1001
4722
155a
2180
ac06
003f
0000
0018
be6c
6945
a035
00bf
0800
6562
0540
9b00
55eb
005a
e80d
c06f
0bfa
5011
4001
0088
1801
0002
0600
9b00
5a4b
005a
eb01
422f
1540
2100
a036
003f
0000
0018
3e6c
695a
a035
003f
ff2c
04f2
0418
8000
0001
0060
c887
6c15
4bff
2000
a62e
0055
b0a0
0356
7bfa
7400
f6c1
00bf
0003
6162
a55a
6b09
a035
003f
f26c
0016
3884
5699
b001
00e1
990d
0356
2bfa
3700
063e
0054
2c42
7ddb
758a
8444
c201
0063
6800
00a2
6080
3700
a614
0055
2c42
81db
758a
8444
c201
0063
c896
c055
0bfa
2100
fdda
00c2
0048
0013
1e6c
2180
8006
0088
94bf
0356
4bfa
2001
aaae
005a
eb01
006f
d884
5693
6001
0088
2001
0002
0600
9b00
52cb
005a
e80d
056f
15d0
feb0
4002
0088
69b3
0015
0e6c
2180
8006
0088
94ab
0356
4bfa
2001
aa5e
005a
eb01
006f
9884
5692
6005
0088
2001
0002
0600
9b00
527b
005a
e80d
f60f
8cff
0628
207f
0088
01a0
2015
061b
8000
fe49
00cf
00d6
2801
13fa
d622
94fa
0058
4440
2018
d63c
fe80
007e
0008
0801
0022
f0de
5698
b109
006c
2cd0
1356
0611
8f08
a035
00bf
001f
0042
a882
3700
a618
0055
2c42
40db
d58b
8448
c401
0063
e80d
268f
1572
2000
f6c2
00bf
69b1
ff15
0cff
3100
bf7e
0058
0800
0062
008c
3100
30d7
0080
1000
0342
1bfa
2000
f6c0
00bf
0801
0042
2884
569a
c005
0088
2fd1
0016
bcc4
1b8f
fff0
00cf
1000
0343
abfa
7401
0005
0088
fdb0
662f
c55a
3fff
4003
008c
2fc6
0016
1882
2300
4000
00cc
0c35
0020
d084
fe80
0006
0008
fdb0
006f
1082
2100
a626
0055
3001
ee22
058b
3100
acff
0006
fffc
0033
d0c4
fe80
fc84
00cb
4987
0000
2600
2180
4260
0054
ff21
61f2
0012
8000
2105
0024
0000
62d8
1544
2ff2
261f
0001
0000
10d8
0242
8000
421d
00d4
1001
d042
7cbf
0498
002a
005d
ff41
61f2
1412
2ff2
261f
0001
0000
0018
a600
511e
fc85
00cb
6013
0000
0600
3100
30d7
0000
1093
0035
5cc2
00c3
fee0
00cb
56d2
0a30
b880
569a
fe61
00cb
6000
0760
958f
3ffd
5b63
00c1
ffd9
b5b3
1015
2080
ff62
00cf
56d2
0350
1bfa
7401
fee5
00cb
56d2
0a20
b880
5699
fe61
00cb
6000
0360
958f
3ffd
5b63
00c1
ffd9
b5b3
1015
2080
ff62
00cf
56d2
0350
83fa
3ffd
8157
0081
018c
e415
8cbf
056d
fe41
00cb
56da
3e70
258f
fa08
8218
003e
6800
0002
0600
2101
fd06
00cb
49ad
c860
5cbf
0605
a4c2
0055
0000
6118
0cff
4ffd
fd06
00cb
5510
f600
dcff
049a
fd96
00c2
88be
0050
5084
2080
fff2
00cf
1984
0340
2bfa
2000
c008
000d
699a
1095
26cb
6292
111d
0061
f080
0018
f89a
2001
2004
0088
7800
6443
255a
b2c4
b175
0058
448d
4018
d63c
fe80
0002
0008
fdb0
002f
0082
2100
2002
00ac
6908
0015
1886
2300
0000
0060
af34
0356
13fa
2ff2
804f
0001
0000
0018
2600
5109
ac05
00bf
1001
6f62
055a
9b00
6003
0088
2000
f0a2
d5a4
fe80
ac06
00bf
0136
0015
1884
2180
8000
0008
b000
ee39
d5a4
fe80
004a
005d
eb01
006f
c884
569a
c001
00e6
1801
0022
1888
693b
a035
00bf
eb01
496f
0540
2100
6002
0008
2000
0002
7e6c
693a
a035
003f
fdb0
672f
0d40
2000
bd84
005a
e80d
c06f
8bfa
5011
4001
0088
1800
0002
0600
9b00
4bdb
005a
e80d
c06f
0bfa
5011
4005
0088
1800
0002
0600
9b00
4bbb
005a
eb01
422f
0540
2100
a036
003f
0000
0018
fe6c
6909
a035
003f
7f01
b1b8
eece
3770
0142
0050
7f84
6823
03fa
8000
0001
0000
777a
ffa3
08df
8408
f801
00e3
7b02
007b
5886
0bf6
1f0b
0042
fd0c
ffef
9cff
38cb
a285
00bf
e880
014f
0bfa
0bf7
0143
000c
1001
2122
0584
fe88
ac84
003f
e805
c86f
0bfa
0bf7
0127
0008
1001
0062
0086
8000
0001
00e7
92c1
0156
0bfa
2080
fdc2
00c2
0040
0003
fe70
693d
ac85
00bf
013a
0015
5884
fe80
0000
0060
c000
0439
55a5
fe80
ac86
00bf
0133
0055
1884
2180
8004
0008
c000
d439
55a4
fe80
4006
0088
012b
0015
0886
2200
0000
0060
7000
f638
55a5
fe80
000c
0008
29a1
27d5
55ab
fe80
0002
0008
fdc0
006f
b082
5299
c035
005a
2800
07e2
8082
3ffd
8a23
0041
2995
2015
061c
8000
fe49
00cf
00d6
2801
13fa
d622
8f7a
0058
4440
2018
563c
fe80
007e
0008
0802
f622
6cff
047b
a618
0054
3042
dbdb
d58a
8444
c201
0063
e805
c84f
3cbf
0498
0001
0060
2002
2602
1546
2ff2
260f
0041
0000
1858
0243
8000
662d
0054
ff21
60f2
0412
8000
318d
0024
0000
21d8
1d46
2180
fd04
00cb
4983
02b0
25d0
2ff4
260f
0001
ff21
60f2
0412
8000
0001
0060
19ea
3c55
ce00
3fff
8053
0080
298a
0095
5884
0bf6
1b9b
0042
7002
0283
5082
fe80
a000
0089
7908
0762
25fd
3708
c13e
005f
8461
001b
6600
fc0c
fb0c
00cf
0100
cb03
bcbf
0480
fc9e
00cb
251e
a420
05e1
8000
feed
00cb
480a
c630
0c3a
3060
a680
00bf
298b
e615
ccbf
044c
aa25
00d8
7841
2598
0611
8f10
a107
00bf
e862
014f
13fa
a35a
c110
006c
e182
3099
4682
b304
860d
0067
08c3
c85a
4cbf
0498
0001
0060
2002
2602
1546
2ff2
2613
0041
0000
1858
0243
8000
662d
0054
ff21
6132
0412
8000
318d
0024
0000
21d8
1d46
2180
fd04
00cb
4984
02b0
25d0
2ff4
2613
0001
ff21
6132
0412
8000
0001
0060
19ea
0015
0880
ffdc
a692
0054
0800
e222
05ab
2280
4002
0008
1800
0022
b088
5299
c001
00e1
9741
0156
1bfa
feb2
0462
0054
1001
0062
0086
2200
0000
00e7
92a9
0156
1bfa
feb2
0442
0054
1001
0022
0086
8000
0001
00e7
91fd
c856
8bfa
5010
4001
0088
e805
000f
0600
9c00
3ebb
005a
e805
c00f
2e1f
b3b0
dc1b
008d
0050
e094
08df
fe8a
0000
0060
ff20
0e32
c818
3776
fff2
000d
7b42
003b
0640
3ffc
0fa3
0084
7803
3d3a
ee00
604b
e001
00ca
000a
0121
3080
8f08
e00b
00eb
fd0d
010f
3bfa
9f08
fff1
00cf
5f64
ff00
8cff
0ca5
0802
005e
2186
2095
78de
605e
2011
0008
fdd0
010f
93fa
2ff9
1333
00c1
6800
0262
05fd
fe9a
2002
0088
2188
1595
fe13
62a0
c201
0063
1000
0102
13fa
a35a
4004
0088
1800
66e2
2548
616f
d001
0061
2000
0102
0bfa
ffdd
00a0
0088
7086
0043
1882
5011
c631
008d
710a
0003
2600
6ba5
a011
00bf
7800
62e3
6540
8780
e01d
00e1
3b49
0296
63e8
fa00
a102
003f
2000
0002
0600
9f00
c00b
00eb
2112
0015
169e
af80
c209
008d
005d
0016
0082
ffdd
a010
00bf
fdd0
426f
1540
3788
2006
0008
0000
0018
3e7c
6805
a011
003f
ff99
3332
0c11
2680
d026
005f
e9a0
622f
6548
84c5
820b
00e7
29d6
2016
163c
9f10
a011
003f
35a1
740a
8bff
2002
864a
0054
710a
8923
c58e
3718
2004
0088
7086
0103
3bfa
3700
062a
0054
7806
01d8
7e1e
63b1
8029
003e
a006
102f
03fa
2200
820c
00e7
f000
0019
0600
4002
0000
0060
0185
0095
067c
8000
0001
0060
008e
e655
ccbf
044c
a003
0089
f409
6817
0bfa
2080
8622
0054
4c56
6b38
058a
8f08
4001
0008
e804
684f
028d
2100
6002
0088
2191
0015
0e1d
2200
5a3e
005a
e804
742f
43ff
2000
0626
0054
8654
0116
0bfa
ffdd
0010
0088
0184
41d5
45a1
fe80
ed08
00ec
7714
1423
4500
37f8
a202
003f
0000
0018
0000
0000
0000
0000
ff21
0e32
6818
3777
ffaa
000d
f684
c0b8
163f
b7e8
fe77
00cb
44cc
06e0
dbfa
fe83
ff04
00cf
03e8
3f60
2e00
b7ac
f001
00ca
000c
c0e1
bede
ffd1
e010
00e3
fd0c
5e6f
658a
8689
007b
0088
0800
4002
3e3c
8fe0
4003
0008
e802
026f
80b4
2e00
6004
0088
b200
0439
f57a
3fff
3e0f
00ce
6b4f
1e4a
89c4
68c9
ac80
00bf
11a0
1595
be1a
6295
c201
0063
0000
0018
9884
7400
ac81
00bf
1198
1595
be1a
6294
c201
0063
0000
0018
0084
ffdc
00a2
0008
118f
4315
b8de
639a
e639
000d
0801
2222
20de
fe80
c00a
008d
0189
01d5
861f
87c4
ea7b
0058
a002
218f
03e8
2100
a224
0057
eb00
682f
6544
8685
a4eb
0058
f080
0018
0600
2100
0026
005d
eb00
662f
6544
8685
a4ab
0058
f080
0018
0600
2100
f700
00bf
0028
63c2
c544
3790
e62a
0058
798e
0043
8882
3788
a008
00bf
7800
6263
7540
87c0
f121
00e1
3a7d
0096
63e8
fa08
4000
0008
e182
e3f9
029c
9f20
b195
0095
ffff
31b3
dab6
0bf7
fed3
000b
5e40
fffa
6cff
a193
320e
0094
8a30
8017
0e97
7863
fc0d
00e1
7b44
1038
23fa
87f8
eb0b
006c
3e81
c0fb
aece
3770
fe5a
008d
0052
0014
0000
0000
0000
0000
7766
fd23
08df
8408
ec25
00ed
1801
0022
2cc6
f000
d830
00e3
0801
a2c2
0ede
fe88
ed28
00ed
fd0c
000f
ccae
3000
38ae
00d8
ff83
0018
ecae
2000
fffe
00cf
8cbe
a173
863f
8f18
fc13
0063
e80d
646f
0540
9c00
af07
00bf
1001
97a2
d5a3
fe80
af06
00bf
010b
0015
1884
2180
0000
0060
c000
2739
d5a4
fe80
02d2
0088
a72e
0016
861c
3ffd
8c53
0041
ff90
35b3
4080
b823
8904
0035
6231
600d
0644
8000
3185
0024
0000
21d8
1546
febc
a61a
0055
1001
0062
8886
6908
a035
003f
3042
ff3b
fcff
3bff
b8d4
0059
1002
0019
0882
2100
2000
0088
69a4
0015
fe70
6919
af05
00bf
0120
0015
d884
fe80
0000
0060
c000
7439
d5a4
fe80
4002
0088
0199
0015
be1c
6954
a035
00bf
700c
6523
2540
b304
98d5
0058
4407
0018
063c
2680
0006
0008
7010
6283
255a
b304
9915
0058
4447
2018
463c
2000
a616
0055
aa5c
0356
dbfa
5008
fc81
00cb
251e
0030
d880
6702
c201
00eb
13b0
4042
0e3c
2ff4
fff7
00c0
fad2
618f
255a
62dc
f701
00bf
0001
0042
0082
2680
fc84
00cb
498c
0010
2600
2200
6260
0054
ff21
6332
0412
8000
3185
0024
0000
62d8
1546
2ff2
2633
0041
0000
18d8
0243
8000
621d
00d4
1801
d042
ccbf
0498
002b
005d
ff42
6332
1012
2ff2
2633
0041
0000
0018
a600
519e
0001
008b
ffdd
1fb3
e013
3ffd
3203
00c1
d902
40c2
80ba
3fed
0103
000c
00f9
25d8
0d46
8700
fe73
00cf
0022
0881
135d
d7a2
08d2
00ae
c043
08b2
1000
d623
300c
0018
0000
2158
1546
b7c4
fb89
00cb
ffdf
02f9
15d0
a630
fb60
00cf
0040
6103
2cff
4002
67bc
0054
c800
0002
1600
a630
fdf2
00c2
0097
c851
6bfa
0bf7
024b
004c
1000
0022
4886
68fb
a035
00bf
0803
dc22
cc2f
2008
ac88
00bf
1800
0002
0600
9c00
48fb
005a
e80d
002f
0882
0bf7
020f
0008
1001
0062
0086
8000
0001
00e7
8e29
0056
0882
0bf7
01eb
0008
1001
0362
03fa
8000
0001
00e7
8ec1
0356
3bfa
2080
fdc2
00c2
0072
0002
3884
2180
8004
0008
c000
2139
d5a4
fe80
0052
0088
a672
2096
68de
0bf7
019b
0048
0001
7022
03ff
8000
0855
005a
e80d
00ef
0882
0bf7
017f
0008
1000
00e2
0086
2200
0000
00e7
9071
0356
abfa
3700
fdc2
00c2
0056
2002
18de
3790
0000
0060
c000
ab39
15a8
9f18
4f8f
0008
708b
0103
10de
519a
0003
0008
3082
005b
fe70
6207
2109
0061
f080
62d8
0678
2680
4fac
0008
18b1
0035
0080
2ff2
947b
0040
ff40
ff72
0c0f
af10
c201
0061
6f80
1856
2a85
ffa4
c406
0063
fa32
40af
163c
2ff2
2027
00c1
ff2e
47b2
3809
7002
a40d
0009
ffbf
0232
0812
7863
fc81
00cb
251e
d010
dcbf
03ff
c803
006b
7080
6018
167c
a148
e90e
00bf
f181
9098
2bfe
8f10
8629
00e7
6f65
6116
3e3c
ff63
d8c8
00bf
f103
c858
9cbf
0480
fcb7
00cb
251e
4080
e09a
2ffb
2023
00c1
8630
0017
0882
2100
a63a
0055
c000
9639
d5a3
fe80
2002
0088
0109
0015
0884
2180
0000
0060
c000
6c39
d5a3
fe80
fdf0
00c2
ff4f
c853
dcbf
0498
0001
0060
2002
2602
1546
2ff2
2637
0041
0000
1858
0243
8000
662d
0054
ff21
6372
0412
8000
318d
0024
0000
21d8
1d46
2180
fd04
00cb
498d
02b0
25d0
2ff4
2637
0001
ff21
6372
0412
8000
0001
0060
19ea
0095
c880
3700
a656
0055
3042
4ddb
7589
8444
c201
0063
6800
0062
0080
ffdc
2002
0008
698a
2fd5
05ab
2100
a422
0055
1800
f062
03fa
8000
0001
00e7
8f45
0356
03fa
8700
ff61
00cf
6314
e410
6cff
200d
08d0
002e
6241
8c4d
0358
9118
0001
0060
0c61
0009
7600
5188
af05
00bf
6991
0055
0884
2180
3cce
005a
e80d
f04f
0bfa
2100
a624
0055
c000
3939
d5a3
fe80
2002
0088
0186
0015
fe70
68c9
a035
003f
7b0c
d178
0e1f
fe9a
ea2c
00ec
7f84
c258
3ece
87fc
fe33
000d
3b4a
c6bb
28dd
4005
0001
0000
7766
ff23
40df
b7ac
0003
00cc
0002
006f
2e3e
613f
0001
00e1
b800
0132
00c0
2b80
001b
0088
fd0b
002f
a084
fe80
0656
0054
2c42
013b
20dc
624d
101d
0061
f000
0018
1894
2000
e008
000d
518b
1095
26cb
624e
111d
0061
f080
0018
4094
2000
4610
0055
a8f8
0296
ebfa
5008
fc81
00cb
251e
0030
9880
66ec
c201
00eb
fffc
35f3
1081
8f10
fd03
00cb
3ffd
a8b0
63fe
5518
b175
0058
fdb0
006f
1080
2080
4000
0009
ff21
6332
0012
8000
6009
0008
1098
c855
ccbf
0498
0000
0060
0841
0009
b600
5118
fc85
00cb
498c
0000
3600
9084
0000
0060
1087
0075
1084
2ff4
2633
0081
400a
d057
ccbf
0498
fc85
00cb
498c
0000
0600
8000
47a9
0054
708a
1023
8edf
5518
0001
0088
0105
6c16
03ff
3788
a028
003f
ff21
6372
0012
8000
6009
0008
1098
c855
dcbf
0498
0000
0060
0841
0009
b600
5118
fc85
00cb
498d
0000
3600
9084
0000
0060
1087
0075
1084
2ff4
2637
0081
400a
d057
dcbf
0498
fc85
00cb
498d
0000
0600
8000
47a9
0054
0002
0122
d8dc
5518
b109
006c
2484
11d6
0611
8f08
4001
0089
0001
6c02
0bff
2080
4608
0055
ac0c
b116
aece
3771
0142
0050
7f84
5023
03fa
8000
0001
0000
777c
ffa3
08df
a800
244b
0054
fd04
03ef
e3fa
fe82
6002
0008
ff99
3332
0811
9108
fc81
00cb
47b7
4060
de44
626c
2259
0061
f100
00d8
23fa
93c8
0000
0060
21ae
2295
555c
2100
6646
0054
ff99
3332
4811
628b
0001
0060
4800
00d8
abfa
7400
4011
0088
1988
e655
ccbf
044c
a2ae
0058
0000
0018
3612
fe80
b284
005b
7800
6223
6546
6a9b
6001
0008
7002
60c3
0546
9f00
a83b
005a
7990
e655
ccbf
044c
fe66
00cb
44cc
3c60
25e7
9e20
880b
00e7
9cf1
2117
4ec2
b088
73c7
005e
0000
4058
0e84
a110
73c7
005e
f200
4019
0688
2100
6622
0054
ff99
3332
8811
6288
0001
0060
4800
00d8
43fa
3770
0142
0050
7f82
1823
03fa
8000
0001
0000
777e
ffa3
08df
a800
24bb
0054
fd04
03af
f3fa
fe82
fe64
00cb
44cc
e420
0cbf
061b
5604
0064
21a0
9079
02e0
9118
043f
0054
8c8a
0006
0600
fe94
af8a
0059
0800
f002
6887
98c5
b158
00a6
6bdd
f016
0087
2080
a006
0028
4012
9217
8ae1
b965
67e0
00cc
3f00
5020
5bfa
66bd
88d9
00bb
0800
6082
cbfa
3fff
03ff
000f
0800
f322
c59a
3fff
03ff
000f
e9a2
006f
228a
9386
0000
0060
188d
0035
9086
2ff9
1333
0001
0000
3158
06c2
8000
c805
0064
0000
2058
0244
8000
82e1
0054
4003
e657
ccbf
044c
401c
0088
7886
0015
be12
6a83
a00d
00bf
4006
0017
6e12
2100
a0de
005a
e803
0bcf
05bb
3780
6622
0054
a944
0016
0086
3700
660c
0054
f000
6739
a5aa
2ff9
1333
0041
0000
2158
06c5
8000
8805
0064
0000
2058
0244
8000
8251
0054
1484
bc3b
0bfe
9e20
7283
005e
700f
80d5
0bc0
79c0
6449
00e8
9c30
2097
424e
b148
8a03
00e7
8891
bc17
1bfe
7880
0809
00bc
8801
5517
1e84
7883
c801
0067
0000
4198
0bf2
a20c
6421
0054
1000
0002
9600
2ff9
1333
0081
2806
0016
0600
8480
dc09
008d
0050
e094
08df
2000
0000
0060
7776
fe23
30df
b7b0
e003
00e9
0410
a08b
0ede
b040
0003
0088
5f43
a096
ae3f
ffd1
f432
003f
7ec3
813b
b63d
ffdc
a002
00ec
22ae
d956
0cbf
0802
c001
0063
0800
d022
1cbf
061b
0003
0008
d003
0062
20b2
2c00
fcb4
00cb
61b1
4370
1540
8fe8
0001
0060
3082
00bb
20de
6238
211d
0061
f080
0078
0080
2000
0000
0060
ff4c
6c32
1c18
800f
062b
0054
7002
aa23
258f
2100
2018
0088
fffc
1933
0008
2ff2
263b
0041
0000
0018
7600
5089
fc81
00cb
498e
0010
1600
9042
0000
0060
098a
c815
ecbf
0498
0001
0060
0423
0009
6600
5088
fd31
00cb
498e
02b0
c5d0
2ff4
263b
0001
ff20
63b2
0412
8000
0001
0060
09eb
0015
0882
2ff4
86c3
00c1
00f1
62f8
2540
3700
fa0a
0058
1002
0182
c882
3fff
8193
0000
ff20
63b2
0412
8000
0001
0060
0897
c815
ecbf
0498
0001
0060
0421
0009
a600
5098
fc81
00cb
498e
0010
3600
9042
0000
0060
0886
d315
ecbf
0498
002b
005d
ff4c
63b2
0012
2ff2
263b
0041
0000
0018
b600
509e
fc81
00cb
61b1
0010
1600
a042
fd02
00cb
61b1
0a10
0221
8000
fdc1
00c2
ffa0
2013
067c
8000
0001
0060
0890
63d5
0540
9b00
a303
00ec
f10a
0017
b882
66ac
f4c1
003f
0141
000a
7882
66ac
a501
003f
1801
0043
2a8a
3198
0000
0008
7b04
d0b8
261f
b3a8
fb0f
00ec
7f88
c0c3
aece
3770
014a
0050
7778
1063
cec0
37ff
da0c
00e3
4340
0078
0882
3080
0003
0078
1b00
8079
9e3f
ffd0
fffc
00cf
8761
10b3
8e9c
fe81
2a56
0058
eb40
006f
0882
8f88
2001
00cc
0001
20af
463c
9632
a034
003f
c988
0a15
0258
8000
2615
00d4
6029
6289
ad42
9602
221c
0054
0801
b022
4bfa
501b
29f5
005a
e80d
00ef
55d0
2680
8208
00e7
eb40
6acf
155a
2100
2ada
005a
e80d
20af
0678
2100
6006
0008
69a4
d035
63fa
68cf
a035
00bf
00b4
e262
25a8
9e08
4007
0088
691e
0055
0886
feb4
0000
0060
8cec
0356
0bfa
2080
045e
0054
1000
ff22
fcff
3bff
0000
0060
2442
a5db
259a
9100
0001
0060
6800
d022
13fa
2080
a624
0055
8e00
0356
2bfa
9e08
4005
0008
6984
d035
23fa
68e3
a035
003f
c9b6
e755
6cff
100d
ff62
00cf
6288
ddb0
4c2f
3005
8885
00b5
eb60
876f
0587
8444
207f
0008
f080
0358
fbfa
2001
2008
0088
ffd8
3033
6011
0bf7
010f
004c
2442
6adb
d589
8444
c201
0063
e80d
f62f
fcff
0446
06f6
0054
2442
c83b
1cbf
044c
9484
0058
448e
4018
d63c
fe80
201e
0088
01b3
1095
0ec9
2ff2
1307
0001
2558
1396
0611
8f08
a035
00bf
001f
0042
4882
3700
a698
0055
2442
72db
d589
8448
c401
0063
e80d
086f
d5d0
3ff9
035b
0084
ffd8
a233
fc18
5699
8885
00b5
eb60
7a6f
0587
8444
207f
0008
f080
0358
fbfa
2001
2008
0088
ffd8
3033
f011
5698
9109
006c
2578
1356
0611
8f08
a035
00bf
001f
0042
0882
3780
a618
0055
2442
6adb
d589
8448
c401
0063
e80d
c80f
4cbf
0499
0001
0060
1002
2602
0542
2ff2
2653
0041
0000
0858
0241
8000
262d
0054
ff20
6532
0412
8000
108d
0024
0000
21d8
1d42
2080
fd00
00cb
4994
02b0
15d0
2ff4
2653
0001
ff20
6532
0412
8000
0001
0060
09ea
0a15
7a58
5c98
2615
00d4
6029
0a89
9a58
5098
2235
0054
fd90
00af
d880
5698
a2f5
005a
e80d
026f
05d0
ffd9
0006
0088
6987
2dd5
d5aa
fe80
000e
005d
6805
c042
3e1f
87b4
dc23
008d
0050
e114
08df
fe9a
0000
0060
7ffe
dea3
18dd
b004
f801
00e3
f682
4138
43ff
9032
0d02
0061
1100
0639
1bfa
2100
fffc
00cf
8b7b
20b3
8e9c
5c99
0109
00ec
ff20
3072
0011
2ff2
11bf
00c1
24e2
1396
0611
8f08
a011
00bf
001f
0082
b082
521a
4109
00ec
ffd8
3033
2011
6255
1235
0061
f100
0118
bbfa
7400
0109
00ec
ffd8
3033
f011
2001
952a
0058
448d
4018
2e3c
2080
a010
003f
fd40
666f
0d40
2000
a1f4
005a
e804
d02f
13fa
feb6
4002
0008
1800
6462
2548
68c1
a011
00bf
eb40
d84f
1bfa
2100
6000
0088
218a
02d5
45a3
fe80
ad02
003f
eb61
002f
3084
5218
26f5
005a
e804
120f
7a58
5c98
4615
00d4
6049
1289
aa58
5118
421d
0054
e002
0039
b882
5218
25c5
005a
e804
00ef
55d0
2200
ad00
00bf
0800
6082
a548
6896
fc01
00e1
7b42
c1b8
28dd
37f8
014a
0050
7774
2063
cec0
37ff
da14
00e3
4340
0078
0888
2100
c018
00eb
fe01
0038
0086
8ff0
eb13
00ed
e819
0e2f
2bfa
60b9
f46d
00bf
e801
802f
f648
3fff
4df3
00ce
7107
d03a
43fa
963a
a034
003f
e988
2215
0258
8000
8615
00d4
6089
63c9
ad48
9608
8230
0054
1000
6322
0d40
feb4
fc88
00cb
6038
de60
0582
8000
9205
009d
1801
0342
3bfa
7400
a015
0009
e99e
d015
1bfa
feb6
a61e
0055
1000
c8e2
0bfa
6914
a035
003f
6088
0009
4600
5219
8227
0025
60aa
0029
55e2
2680
a296
00c3
0000
2344
d548
3ff9
035b
0084
ffd9
cfb3
c818
5698
9089
00b5
1291
0096
1880
feb4
8600
00e4
eb82
000f
409a
9608
0000
0060
2087
d015
1bfa
feb6
a652
0055
100a
1e22
d5a4
fe80
ad00
00bf
eb61
630f
255a
feb2
6006
0088
8dda
0356
0bfa
feb4
2000
0088
1001
0042
4886
5698
2715
005a
e80d
220f
7a58
5e98
8615
00d4
6089
6309
ad48
9608
8224
0054
e007
0039
9882
5698
4005
0088
1801
6e62
d5a2
fe80
000e
005d
6805
6cc2
05ba
2100
fdda
00c2
0040
0052
0882
feb4
0000
0060
8a4c
0356
9bfa
501b
8221
00a5
e98a
6215
9d48
9608
ad00
00bf
eb61
632f
a548
9608
a014
0009
208b
0055
b884
62fc
ad01
003f
eb61
000f
789a
7400
4001
0088
afc5
0016
389a
7400
0001
0060
6c81
e86a
8bfe
5009
fc81
00cb
251e
90b0
0bfe
2000
c204
00e3
6b29
4016
3ebc
2116
c408
00e3
ff40
ff72
240f
2ff2
202f
0081
ff21
47b2
8009
2700
001b
000c
1903
ee22
acbf
0480
2103
005e
eb40
e06f
abfa
5698
8005
0088
0be5
0016
3084
2180
a034
00bf
0014
7462
a5a8
5e98
ae05
00bf
eb40
646f
155a
2200
2f6a
0058
1001
0082
d086
fe80
002a
005d
eb81
d02f
8bfa
5698
8005
0088
0bd1
0056
3084
2180
a034
003f
e206
0019
0600
8000
8665
0054
6088
61e9
557a
5218
8227
0025
608a
62e9
1548
5209
ad01
00bf
1001
6462
155a
feb6
c01a
008d
b342
0356
bbfa
7400
ad01
00bf
1000
6262
155a
feb6
c01a
008d
b33a
0356
3bfa
7400
a015
0009
e206
c079
0e1f
fe9a
ed14
00e1
7f80
e138
00df
a590
eb13
00ec
770c
14a3
0500
0000
0000
0000
777e
ffa3
18df
b004
0111
00a4
fe00
a038
063d
8434
a067
003f
1d80
0379
1d44
2100
fffc
00cf
8b78
0013
3600
2180
2e5a
0058
2000
d002
1bfa
feb0
a00c
00bf
4012
0017
0880
2100
9bde
0058
1800
0022
0082
2300
2002
002c
e803
d02f
13fa
feb0
6650
0054
2000
e122
1582
2100
6008
0008
e803
c04f
ebfa
5018
ad03
003f
2000
df22
0582
2100
600c
0008
e803
d02f
03fa
2080
4002
0008
1983
69d5
35a2
fe80
9110
0025
0000
61d8
8d44
9644
4614
00d4
6449
1289
ca59
5118
4225
0054
eb60
002f
0882
5199
4001
0088
1800
3e62
35a2
fe80
000e
005d
1805
d002
0bfa
2080
6614
0054
1000
0022
0886
688f
a00d
003f
7f00
d038
2e1e
3770
0142
0050
7f82
1823
03fa
8000
0001
0000
775e
fda3
50df
b7a8
fa13
00e3
7d82
81d6
3e3d
8ff8
f42b
003f
f706
e038
8e10
2000
a060
00bf
f804
00ba
10b2
af80
e423
000b
eba1
20af
88de
6727
ae01
00bf
7904
0183
88dc
af00
8619
0067
0000
0018
1600
0bf7
038b
0044
3c41
42bb
0570
8000
2029
006a
7088
a823
859f
2080
8018
00e7
fda0
060f
83fa
9e18
0001
0060
0000
dc58
8c2f
300c
fdf1
00c2
00cb
c843
8cbf
0603
ad03
0061
ff21
0df2
0818
af80
3d63
0058
ffc1
fa33
0c80
feb4
c43c
00e3
eb61
060f
13fa
2000
062c
0057
fda0
006f
c882
6267
4001
0088
17ff
1ef3
c7cc
3fff
4003
008c
3001
0602
f3fa
8784
e001
00ca
0012
41c0
bcf0
f307
c023
0063
b800
0532
1040
2ff2
263f
0041
0000
0018
8600
5189
fc85
00cb
498f
0010
1600
90c6
0000
0060
198b
c855
fcbf
0498
0001
0060
0c63
0009
7600
5188
6005
0088
ff41
63f2
bc12
7400
fd31
00cb
498f
c850
fcbf
0498
0001
0060
0000
7a98
0546
ffda
00a2
0088
c191
4515
f8dc
632d
c659
000d
0801
2422
80dc
fe81
c01e
008d
0189
02d5
c61e
8784
cf4b
0058
a002
218f
03e8
2c00
861c
0067
0000
8c18
2bfd
2ff2
80e7
0041
c000
0233
2800
2ff2
80df
0001
80e9
31e3
1e9c
b3c4
518d
001c
9063
3026
1682
2ff2
2643
0041
0000
0018
8600
5189
fc85
00cb
4990
0010
1600
90c6
0000
0060
198b
c855
0cbf
0499
0001
0060
0c63
0009
7600
5188
6005
0088
ff41
6432
bc12
7400
fd31
00cb
4990
c850
0cbf
0499
0001
0060
0000
7a98
0546
feb4
4006
0088
c187
d855
0bfa
3780
c8ae
005a
e818
104f
16cf
2ff2
80df
0041
1200
0019
3600
4906
0000
0060
1987
c855
fcbf
0603
0001
0060
9063
0005
3600
519b
fc81
00cb
251e
8e70
1084
b3c4
fd03
00cb
3ffd
2010
06bc
9118
a6fb
0059
0000
8c82
1bfe
8f10
fc85
00cb
4993
0010
0600
8000
6261
0054
ff21
64f2
0412
8000
3185
0024
0000
62d8
1546
2ff2
264f
0041
0000
18d8
0243
8000
621d
0054
1801
d062
3cbf
0499
002f
005d
ff4c
64f2
1412
2ff2
264f
0041
0000
0018
a600
519e
fc85
00cb
480b
cbf0
ecbf
0251
003a
005c
7808
0032
f200
2ffb
202b
00c1
8630
6017
067c
8000
2229
00ea
8630
6817
8bff
2000
0616
0057
feb8
0616
13fa
b3c4
c805
0067
118a
0019
3600
68c8
e306
0069
e186
0019
0600
8000
620d
0054
bf7c
c430
107f
9f18
0001
0060
11fb
6342
0d46
2000
fc80
00cb
251e
d010
dcbf
03ff
c403
006b
6880
5cd8
359a
ffa4
c606
0063
f102
94b8
03fe
ffda
0022
0088
c184
53d5
65bf
87b8
fd13
00e1
eb00
a14f
3ece
87fc
fe2b
000d
7b07
c8b8
28dd
4005
0001
0000
7fea
d9a3
08dd
8404
fa15
00ed
f689
1878
759f
8fe0
de23
00e3
fd0a
c18f
be3f
8f08
002b
0008
e819
00ef
8ebe
af00
e021
00c9
0013
40d1
78de
6715
c01d
008d
e016
25d9
0e78
3788
861c
0067
f009
001a
1600
0bf7
043f
0044
3c40
001b
c600
a880
f101
006c
0000
6298
0644
8000
0001
0060
bf71
4170
0440
ffda
c226
008d
c987
01d5
ae78
2080
f5de
005b
e819
624f
0678
8000
0001
0060
bf71
3bb0
c4c0
0bf7
03c7
004c
ff21
0e32
0c18
b3c4
ae01
00e1
f802
f05a
8cff
103e
5fff
00cc
b6c2
e85f
0bfa
feb8
0848
00bb
c117
f733
3fc2
8f90
38a7
0058
f222
20af
063e
9110
a065
00bf
0803
6222
a540
9a01
4023
0088
1ff7
bda2
05b9
2c80
9c50
00e7
f790
0039
78b0
740a
021d
0057
fda0
67ef
e572
626d
cf05
0069
7380
001a
10b2
2000
f682
003f
c997
ff15
0cff
3100
94ee
0058
0800
0062
f08c
317f
db0b
00fe
1000
0642
1bfa
2000
f680
00bf
0801
0042
a884
5c98
c005
0088
252d
ffd6
ccc5
f0bd
fff1
00cf
1000
0643
03fa
8000
ff09
00e1
c920
d0d5
5e1f
8f78
da19
0063
ff21
0c32
1818
feba
8006
0088
0f78
c896
2cbf
0603
ae03
00bf
700a
c8c3
bcbf
0603
6006
0088
708e
0643
ebfa
5018
0005
0088
1000
ff02
0cff
3100
943e
0058
0801
0062
008c
3100
24fb
0081
fda0
064f
03fa
8000
da15
00e3
c912
e195
063d
8000
fc85
00cb
6031
e860
1bfa
2200
3d66
0058
ff22
0cb2
0c18
feb8
c02a
000d
ff23
0f32
0818
2180
e222
000d
e819
11cf
4e1e
87c8
f101
00ec
3c40
3c3b
c5ec
0890
108c
00b1
c90c
2e95
e3e8
fa0b
2e0a
00e2
8b84
3c38
65ec
3700
c9da
0058
e9c0
784f
03fa
2c80
8618
0067
0000
8c58
cbfd
5c13
0441
00cf
0008
3a40
68e2
a70c
4005
0088
eb80
61ef
1572
feba
e00a
008d
b0f2
0656
13fa
2ff2
80cf
0041
e206
6199
acff
6005
418c
0014
0f24
6088
1e7c
7883
0001
0060
3c40
18fb
1c3a
4060
8488
0054
888c
18fa
1c3a
4060
0000
0060
ff20
47b2
2c09
212f
fd00
00cb
3ffd
81b0
1678
2ff2
80cf
00c1
f100
1fda
0d9a
2000
f620
00cf
ffa6
8ca6
2bfd
8f10
d8c9
00bf
f101
c858
ecbf
0251
fc8b
00cb
480b
3480
969e
87c4
20c3
005e
ffb8
02b2
8c12
2780
000b
00c4
8830
c057
8298
2ff9
1333
0041
0000
1158
06c1
8000
460d
0064
0000
18d8
0178
8000
fdc5
00c2
ff54
c853
2cbf
0499
0001
0060
0000
2658
1546
2ff2
264b
0041
0000
1858
0243
8000
662d
0054
ff21
64b2
0412
8000
318d
0024
0000
2218
1546
2180
fd06
00cb
4992
0330
25d0
2180
fd06
00cb
4992
c850
2cbf
0499
0001
0060
0000
7a58
0546
ffda
002a
0088
c985
5ad5
95bf
fe81
f100
006c
e188
8319
0644
8000
418d
009a
70c8
61da
0678
8000
0001
0060
1883
df15
4c2f
1fee
8621
0067
0000
9f98
d084
5198
0003
0008
ff20
47b2
0409
2ff4
fff7
00c0
f100
201a
661a
6682
e94d
00bf
fa42
406f
263c
8f18
f681
00bf
000a
6122
2572
6fc0
fe19
00e1
7b49
c838
53fa
b3e8
ef23
00e1
771a
c1c3
6e1f
37f9
014a
0050
7ff0
dba3
20dd
b7f4
da1f
00e3
7b16
8116
6e3f
8f78
f437
003f
ff03
e038
9e10
2000
a064
00bf
f801
02ba
1ebc
2f91
c220
008d
700d
e016
1bfa
3790
c01c
008d
eba1
61cf
b678
af00
0001
0060
bf71
39b0
4440
b384
0001
0060
880b
111a
06ce
8000
4629
0064
0000
0018
1600
0bf7
0373
0044
118c
0019
0600
8000
fdc5
00c2
00d7
7411
bbff
3708
261e
0057
e007
0279
8882
6fc2
a065
003f
e18b
0019
0600
8000
fdc5
00c2
00c0
df13
3c2f
300c
e111
00ec
7740
3978
0583
af80
4401
00e4
eb61
d02f
93fa
fe81
2006
0088
0116
0095
d884
21ff
0000
0060
d026
6c39
05b9
2c80
0006
0008
fdd0
006f
0082
2100
5ffe
00cc
307b
42bf
c572
3fff
4003
008c
3001
0002
a600
6a3f
a065
003f
0000
e173
6833
8f80
9e43
00e7
0070
ffd7
bcc1
f307
e01f
00e3
c000
c282
767d
5c08
f741
00bf
c995
58d5
1589
a73c
ce01
0069
c800
d002
1bfa
feb6
2634
0057
ff92
0d32
0818
2200
e20a
008d
0e3c
c8d6
acbf
0603
6006
0088
780c
4943
2bfa
fe90
a064
003f
3844
207b
1e1f
7b03
e111
00ec
b030
9457
0bfd
ff64
243e
0057
3112
00af
53cc
38be
0e96
008e
8b81
e0f8
0e22
7b0f
c019
008d
3159
7016
13fa
fe9e
2000
000b
e186
0019
0600
ff63
04e6
0057
c000
0233
9000
380e
c31a
0069
1000
d022
7bfa
5c98
ad85
00bf
7800
f563
95ab
fe81
fc84
00cb
6036
8190
6678
3fd8
016b
0018
1063
c905
0203
9f18
20c7
005e
0000
1118
3ece
0e86
1807
0010
211f
22d5
3ea2
0e86
1807
0010
0000
c818
ecbf
0251
4e67
0008
ff40
ff72
6c0f
9e20
fc85
00cb
6036
4030
26bc
6676
0003
0008
fd88
e9b3
29bf
ff63
c40a
0063
f632
406f
163c
2ff2
202f
00c1
ff2f
47b2
8009
2780
0003
0044
ffbf
02b2
0c12
7863
8c05
0029
ff98
3332
0411
8000
1115
006c
0000
6098
0644
8000
818d
0017
0000
dc58
1c2f
3ff9
2005
0088
1002
61e2
6572
9d02
7ff7
0088
e522
0016
10b2
2ff2
2647
0041
0000
0018
9600
5189
fc85
00cb
4991
0010
1600
90c6
0000
0060
198b
c855
1cbf
0499
0001
0060
0c63
0009
8600
5188
6005
0088
ff41
6472
cc12
7400
6009
0088
ff41
6472
1412
2ff2
2647
0041
0000
0018
9600
519e
f741
00bf
0009
6162
a572
6fc4
a065
003f
3844
829b
b678
9118
0001
0060
8c83
32a6
769c
9e18
0001
0060
0000
20d8
c546
0bf7
fc37
0047
e18a
0019
9600
2133
6634
00d4
0000
c802
ecbf
0251
fd01
00cb
3ffd
4030
06bc
8748
9c15
0059
fa43
606f
263c
8f10
e94b
003f
fdd0
026f
4880
5c98
eb85
005b
7f83
d1f8
0e1e
feb2
fd08
00ec
7bc6
c4b8
40dd
87f0
fe43
008d
0052
0014
0000
0000
0000
0000
ffd8
34b3
8811
6266
0009
0008
0800
23c2
d5aa
fe80
692a
0058
0800
0042
1080
2000
fd02
00cb
609c
1420
0500
fe9a
fd00
00cb
609f
0030
0082
0000
0000
0000
7ffe
dfa3
08dd
6048
f801
00e3
0801
0602
0bfa
b7b4
a059
00bf
ff9c
35b3
8000
3ffd
89c3
0081
fffc
fff3
d0fb
d600
92ba
0059
d018
ff19
0cff
2100
2002
0008
c189
0015
0880
2080
c6b2
0056
ffd8
f133
c811
6a63
a059
00bf
4026
0157
7882
6650
fff1
00cf
bfff
0003
c884
3fff
8dc3
0000
e51c
f616
ccff
0607
c422
0056
0800
0062
0080
8000
98a5
005a
e816
014f
7882
664f
fff1
00cf
bfff
ff03
0cff
2400
fff2
00cf
2370
42c0
85b9
3ffd
8183
0081
b108
0015
1882
2000
0000
0060
a618
0596
13fa
2080
fd02
00cb
60a9
0010
3884
61ce
ac01
003f
0801
e002
8bfd
3ffd
826b
0001
0001
f62f
dcff
0609
4062
00e7
6474
2016
0ea2
f000
2002
0008
8000
003a
c884
3fff
bfff
000f
eb00
002f
c882
6842
ed01
00ec
eac0
c0af
08dd
7800
fe09
008d
0052
c034
061f
0000
0000
0000
7ffe
dca3
00dd
8fe0
da1b
00e3
041e
0e56
abfa
a708
2005
0088
e818
06cf
dbfa
5019
0005
0088
0455
ffd6
1cff
3832
ac01
00bf
1001
06c2
abfa
9e08
4005
0088
1800
6442
0d76
feb0
1324
005a
e81b
c02f
13fa
2080
4002
0008
d98a
58d5
b5a1
fe81
9086
00a9
e18a
0019
0884
feb0
0616
0054
a95c
06d6
03fa
3fcb
4153
0025
ffd8
0033
0010
d602
607a
0057
6030
ca0d
0640
2ff2
947b
00c0
6401
e06a
13fe
8f08
e80b
00bf
0000
4082
1e3c
ffa6
c20c
00e3
6645
8016
8ebc
210a
c410
00e3
fbb2
d02f
dcbf
03ff
fc81
00cb
4809
cb60
ecbf
0251
009e
005c
0000
ef98
8cbf
0480
00c3
005e
d800
0082
7246
9022
066d
00d4
6401
c80a
ecbf
0251
ee07
00bf
fa42
204f
0e3c
2ff4
fff7
0040
fa01
20af
163c
ffa6
c20e
00e3
6626
8016
2ebc
210a
c410
00e3
0000
c802
9cbf
0480
fc86
00cb
251e
4140
50b6
2190
fee2
00cb
4808
1030
05e0
2100
146a
0058
eb00
000f
4082
fe80
822a
0067
1000
0022
1086
5219
ac03
003f
8470
0116
1bfa
2000
fffc
00cf
8321
c033
03fa
2100
8626
0054
83e8
0116
0bfa
feb0
2000
0008
2183
e8d5
45a0
fe80
ad90
00bf
7f00
d1b8
ee1e
3770
2002
005e
e880
e0af
28df
4005
0001
0000
7ff6
d123
30dd
8fe0
da23
0063
ff02
3078
4ba8
6039
a071
00bf
e83d
004f
7882
b7b4
a167
003f
e81b
dc2f
dc2f
300f
ae00
00bf
03c9
0056
1884
2200
fffc
00cf
93a1
06d3
0bfa
feb8
ac84
00bf
1001
0002
d886
0bf7
03c3
004c
843c
06d6
0bfa
feb8
2004
0088
1000
df42
8c2f
300e
1355
005a
e81b
c02f
13fa
2080
fdf4
00c2
00e2
dbd3
15a0
2200
a06e
003f
ffff
e873
1ce4
2100
ac00
00bf
bf70
36b0
60c0
683a
a06d
00bf
eb00
c84f
1bfa
2100
6000
0088
bf7d
34b0
e4c0
6841
a06d
00bf
eb00
004f
0882
2100
fdf4
00c2
00ca
2dd3
b5a1
fe81
fdc2
00c2
00c7
e783
4cff
1005
d207
00a9
7900
dfba
ec2f
1004
dd04
00a9
28ad
0056
3884
feb2
ad04
00bf
eb80
2e0f
4cff
9505
ff66
00cf
4000
06c0
23fa
d642
007a
0054
6432
948d
ae48
3112
fc80
00cb
251e
f070
3bfe
ffa0
c204
00e3
0000
e842
2bfe
8f08
e905
00bf
f083
6478
0599
af20
443b
0008
f184
d038
dcbf
03ff
fc89
00cb
4809
cb60
ecbf
0251
027a
005c
0000
ef98
8cbf
0480
20c3
005e
fbc1
308f
0244
2d80
fdcc
00c2
0092
a9e3
0648
2ff2
947b
00c0
fba3
002f
1080
8f08
fd03
00cb
3ffd
9050
3bfe
8f08
c801
00eb
6571
6096
2e3c
ffa5
c410
00e3
1108
c882
9cbf
0480
fc86
00cb
251e
2020
55c0
2d90
6414
0088
ffb8
0232
0c12
7884
c801
00e7
ffd9
0ab3
c810
af00
4003
000b
642d
02ed
1ebc
af80
e905
00bf
f884
75d8
0586
8000
c001
00e7
eb41
04cf
0587
8000
0191
0008
2854
0056
3084
feb2
0002
0088
f080
8a19
2e74
3701
e408
00e9
d227
8099
ae7c
a710
a06d
003f
108e
a2ea
4678
86c8
c028
00eb
8831
8297
b678
9e30
4295
0096
002a
ffcb
9cff
9310
c42e
0069
2994
7475
23ff
6d6e
fc81
00cb
251e
0030
4080
87c4
882b
0067
f082
d038
dcbf
03ff
ee85
00bf
f083
8018
bebc
6652
03c5
00e0
fa42
410f
be3c
210e
da34
0069
e20a
a079
1e7c
a6b4
a30c
00a3
f301
2519
ca64
9e30
fffd
00cf
90a5
2133
1a86
a790
c51b
0054
14c4
4328
069c
8000
882d
0067
e08d
0019
e67c
5219
fc81
00cb
251e
4170
0896
2000
c800
00e7
eb6b
d02f
dcbf
03ff
d807
005e
f202
8039
46bc
ffa4
03c6
0060
fa41
20ef
4e3c
6650
c809
00e3
10f9
6102
3e3c
ffab
fc88
00cb
4809
c960
ecbf
0251
004a
005c
e97b
ee8f
8cbf
0480
20c3
005e
9974
0a96
fac0
6569
f741
00bf
7092
0003
c600
9e20
fbf5
00cb
0027
0004
f884
603e
ac01
003f
0800
0102
0bfa
feb0
ac84
00bf
1000
0002
b886
521a
0d15
005a
2801
0122
f3fa
3fff
5e87
00ce
1000
c002
3bfa
501a
0af5
005a
e804
c02f
03fa
2080
8674
0054
8278
0116
0bfa
feb8
2000
0088
1000
65c2
2548
683d
a011
00bf
eb80
c84f
0bfa
2100
6000
0088
2191
cad5
15a0
2280
a012
003f
ffff
e873
0ce5
2100
ae00
00bf
0189
a8d5
45a0
fe80
ae02
003f
0800
60c2
e548
6825
a011
003f
eb64
c0ef
8e1f
87b4
2003
005e
7f82
d1f8
cece
3773
0142
0050
7f8a
2023
03fa
8000
0001
0000
ff90
35b3
98c0
3ffd
89c3
0001
ffd8
c633
8c18
3ffd
8c73
0001
f663
102f
2201
f023
04d2
003c
9001
0c3a
8bc0
3ffd
8c53
0041
0091
4cf8
8bc0
3ffd
8ca3
0041
2040
4d3a
8bc0
3ffd
8cb3
0041
0080
f63a
4cff
0632
6000
00e8
0130
0c6f
03c0
a20c
320b
0020
0100
201a
0682
9300
6001
0088
0800
1002
7a00
7e05
1001
0092
1004
181a
0cb0
0001
8004
0064
ffff
1873
1ce0
8480
0089
009a
1081
b8da
4cbf
2fff
0000
0060
ffff
18b3
04e2
6880
400a
0068
fee3
fe32
003f
8000
fffd
00cf
8060
1873
0283
6802
400e
0068
0052
0014
0000
0000
0000
0000
ff90
35b3
8840
3ffd
8c53
0001
8214
080b
0358
d601
07ba
005c
0086
21d8
0600
0000
0000
0000
777c
ffa3
88df
601e
d805
00e3
7e80
061b
c3fa
3fff
d86f
0080
0800
96a2
c5a4
3fff
d8ef
0080
0800
95a2
c5a4
3fff
d9b7
0080
0800
94a2
c5a4
3fff
da37
0080
0800
93a2
c5a4
3fff
daff
0080
0800
92a2
c5a4
3fff
db7f
0080
0800
91a2
05a4
2ff2
811b
00c1
fffc
06f3
280d
6924
fc85
00cb
6046
ff10
fcff
0341
f618
00cf
ffce
3186
7bec
6123
f919
00cf
01f4
3086
03ec
2ff2
811b
00c1
fffc
1b73
280d
6923
fc85
00cb
6046
ff10
1cff
0347
f618
00cf
ffce
3186
7bec
6122
f919
00cf
01f4
3086
03ec
2ff2
811b
00c1
fffc
2ff3
280d
6922
fc85
00cb
6046
ff10
3cff
034c
f618
00cf
ffce
3186
7bec
6121
f919
00cf
01f4
3086
03ec
2ff2
8117
00c1
fffc
0ef3
280d
6921
fc85
00cb
6045
ff30
fcff
0343
4824
0058
fe46
7d33
2180
fb0c
fc80
00cb
6045
ff30
dcff
0348
4816
005a
ff21
1172
cc18
3fff
d247
0000
11fc
9196
4cff
601f
c308
003e
ff20
1172
cc18
3fff
d37f
0080
91f8
c856
5cbf
0604
fff3
00cf
34e3
7bc0
6584
3fe4
07d3
0018
b0c2
e70f
6cff
000d
ff66
00cf
6320
f640
0cff
0633
ff63
00cf
6270
8000
8bfd
3ffd
8c53
0041
0208
c1ef
93c0
3ffd
8c93
0081
0000
410f
3bc0
f020
0404
008d
3881
4d83
78c1
302b
0002
00c4
006c
ce03
18c0
2200
0c00
0065
7280
0019
1e4d
918e
8600
0066
8300
6019
069c
9230
38c7
005e
7180
387a
1a48
78e3
4305
00a4
1300
8c79
15e3
a718
38c7
005e
3187
3095
1a44
fe86
0008
0008
31bd
01d5
8880
7404
e301
0061
0000
3818
1bfa
fe8e
47ee
0058
ffff
2233
1f48
fe86
8308
00a0
000c
2002
2e54
824c
0032
0088
91f3
2016
2e58
fe8c
0032
0088
91ef
3816
1bfa
fe8e
005e
0057
ffff
2233
0f48
2001
8308
00a0
e861
78cf
c5a4
3ff9
035b
0080
ffd8
9c33
2018
824c
477a
0058
6009
042d
7080
990b
42e1
00e6
e8c2
042f
9880
691d
00a5
005d
ff21
11f2
4818
691d
fc81
00cb
62a7
c870
7cbf
0604
0042
0088
91d1
c856
7cbf
0604
472f
0058
0010
1602
0a63
2ff2
8aa3
0041
4018
3017
261e
611c
38e1
002e
0cc2
2008
2e54
fe8c
000a
0088
91bf
2016
2e58
2000
46ee
005a
400c
3017
661e
611b
38e1
002e
0cc2
2008
2e54
fe8c
001e
0088
91b3
2016
7e58
2000
46be
005a
1081
406a
10c4
3088
ec04
00e1
3e80
143b
1500
a714
dc13
008d
7f82
0003
0600
0000
0000
0000
e80e
03ef
c3fa
3fc9
b23b
00c6
7772
fe83
88df
3ffd
89c3
0081
7ac5
f61b
0cff
07e0
d907
00bf
7b46
c09b
aedf
3ffd
8c73
00c1
ffda
c633
9018
3ffd
8c53
00c1
ffd9
cb33
7018
f001
ff62
00cf
6328
a060
66df
d625
ff62
00cf
6324
adb0
a65d
f041
1452
00bc
7904
c75b
9bc0
f021
006c
00bc
011c
002f
2c40
200b
8001
0089
ffdc
d7b3
1015
ba06
0001
0060
7800
dc43
ec2f
100a
a603
003f
5846
6638
0584
8f08
0001
0060
5852
6538
0584
8f08
a601
00bf
7002
14c3
fe16
6118
c201
0063
e980
006f
00de
9f20
e113
006c
7106
215a
2bfa
8f10
4601
0064
0000
1858
0243
3780
2006
0008
1893
0035
0884
fe98
4584
005a
0801
5822
5584
3700
4000
0088
e980
004f
b882
6115
c009
000d
1000
6022
13fa
2080
455a
0058
7801
0003
0884
fe98
8600
00e6
0801
0002
10de
90c6
4004
0008
188d
6035
a3fa
6914
2005
0088
1149
0096
10dc
2100
a602
003f
0801
5122
1584
3780
4004
0088
e980
600f
2e74
2080
e000
000d
0c61
0009
e084
5189
a603
003f
9138
0096
7882
6113
4005
0008
e980
008f
3882
6113
c015
000d
1000
6022
23fa
2080
44ba
0058
7002
0003
0884
fe98
2008
0088
1129
0056
0084
fe98
2008
0088
1125
0056
00de
2100
a602
003f
0802
4822
1584
2100
a600
003f
9180
00f9
0082
3780
3184
0024
1000
2202
0d46
fe98
4454
005a
0803
4522
6584
3700
4000
0088
e980
600f
3e6c
2080
e000
000d
0c61
0049
8084
5188
a603
003f
9108
00d6
7882
6110
c009
000d
1001
6022
03fa
9c18
2013
0008
7800
1843
0243
2100
6244
00d4
e980
3ecf
45a4
2080
43ea
0058
1001
6002
43fa
2080
43da
0058
7006
0003
0884
fe98
2010
0088
10f1
0096
10dc
2100
a602
003f
f100
6879
0bfa
fe98
4382
005a
70b7
40b9
0e78
fe98
4372
005a
70b8
4079
0e7c
fe98
4362
005a
3065
6029
467c
3700
c31e
0069
1908
7035
83fa
9306
2002
0008
0000
0058
5882
5198
0011
005d
e9fc
0096
a5d0
6e9f
c605
0028
3e81
b17b
26ce
b3f0
ed1b
00ec
770e
e1a3
28df
4005
0001
0000
ff90
35b3
e800
3777
ff60
00cf
6314
4020
58dc
7e04
8005
0035
c021
0432
1000
2fee
fff3
0007
2411
f618
8cff
0628
e102
0061
6000
0c2d
0598
9000
862d
00bd
0806
c082
28dd
4005
0001
0000
ff90
35b3
8a80
3ffd
89c3
0001
777e
04e3
43fa
d614
a0ca
00bf
18ce
12d6
0e14
fe82
c200
00e3
0800
0c82
fae9
6602
6211
0084
401e
fed9
0887
2080
fc80
00cb
4787
2460
1566
94c8
fc84
00cb
251e
c860
9cbf
0480
2243
005e
210f
4215
8886
2ffb
2023
00c1
e863
0030
0102
8000
0035
005d
a435
202b
3598
3ff2
0083
0008
1fdf
0122
6082
7400
90d1
00ae
6079
2416
f046
21fe
2012
0008
e090
f616
4cff
0633
402e
0056
6140
002d
0080
8000
6955
005a
fee4
28b2
0800
2080
67c2
005a
7702
2163
0e89
7803
0149
0050
ff90
35b3
0a40
fe85
fe40
00cf
008e
1465
63fa
b846
10d6
002e
845d
12ab
42e1
ff72
ff62
00cf
6314
df80
48dd
fe83
ff64
00cf
62ae
f620
8cff
07e2
3005
0080
847e
c98b
0cff
6004
fc8e
00cf
0020
c943
0cff
4200
fc92
00cf
0400
11c5
8bc0
3ffd
89c3
0001
0243
a9af
7358
3ff2
0003
00d9
01c2
7021
569c
8187
42ce
0020
0045
70af
0043
2680
c002
0089
0000
1071
1080
2880
fffc
00cf
c5c3
03f3
3082
78e8
a808
003f
18b7
ffb5
1087
9379
80bb
0059
0000
7818
43fa
5808
8115
005b
000a
2822
e5a6
2080
809a
0059
1ffe
8082
0bfa
fe9e
8034
00e5
0802
80a2
7bfa
5698
7ff9
0088
e01d
0116
d5d0
21ff
8402
00e7
e01a
b096
7bfa
6601
fff1
00cf
bfff
04e3
164c
2080
7e7c
0088
6011
0316
3882
9301
aa89
003f
fffc
fff3
c8e4
6600
2009
0088
3011
9899
e3fa
9501
a80b
00bf
680a
ff95
0887
2080
0000
0060
eae2
ff6f
8887
6df9
0009
005d
df94
05d6
15b8
a3c0
d685
00a8
19b2
cc83
08cc
33b9
e704
0028
f725
002f
e880
5808
ff61
00cf
6334
7660
0586
f005
0000
0060
ffd8
c4b3
0818
2080
0140
003c
0000
5b39
25a6
3770
014a
0050
7772
ff23
10df
8fe0
da1b
00e3
ff90
35b3
8800
3ffd
89c3
0041
7b05
063b
abfa
fe83
8830
00b5
e859
b02f
56df
9c30
a1d9
003f
ff24
47b2
2809
2ff2
2027
00c1
210a
2822
35e3
0bf7
01f7
0000
490a
eea2
8cbf
0480
a296
00c3
0800
0006
0600
2200
ac02
00bf
1086
e1d5
45a0
fe80
0000
0060
bf72
1bf0
e0c0
bb44
243e
0057
ff24
0033
0090
8000
c931
00ae
5f51
ff16
fcff
3eff
0062
0067
ff24
0033
0884
2080
8000
0088
4060
0617
0e70
2080
fff2
00cf
bfff
d1e3
15b7
9608
ff62
00cf
60a9
e850
cb58
3fff
8dc3
0000
0805
22a2
0548
9120
fff3
00cf
bfff
e7c3
e597
b884
fc90
00cf
4000
edc2
c5b7
bb24
7cca
0059
fffc
fff3
88fb
9c01
fc91
00cf
1000
0022
7082
9c51
7e4b
0059
1dff
8022
0084
fe94
2016
0008
0805
e322
f597
21df
4000
0088
e940
e8cf
45b7
2006
8002
0088
b0b5
fed5
85a5
3ffd
82b3
00c1
b441
046b
15ec
d624
ff76
00cf
47c4
0070
05ec
b06c
4003
0088
b031
92d7
0588
ffdb
ac00
00bf
eb41
f60f
9cff
060a
ee0f
003f
63a1
31ed
0084
2200
0002
0088
009d
c815
ecbf
0251
fd01
00cb
3ffd
8030
16bc
8f18
0815
0067
0000
9098
2bfe
8f10
4801
0064
0000
9098
3bfe
8f10
845f
0059
6c8b
4118
263c
2ff2
2027
00c1
ff20
47b2
2009
2210
2408
0088
ffb8
0232
0812
78a4
9919
00e9
7f01
2038
0bfa
7883
ed19
00e1
3ec0
e13b
50df
b3b0
dc3b
008d
0052
0014
0000
0000
0000
0000
776c
fda3
70df
8f60
fa13
00e3
1800
c182
3e3d
8ff8
a0e7
00bf
080a
a155
2ede
b7f4
a063
003f
7088
beda
35a0
fe80
fe70
00cf
00d6
f660
4cff
0631
c022
00c9
0011
f603
0cff
0627
ca37
002e
b279
9aeb
82ec
bb25
c92a
002e
640a
836d
8358
3ff2
8003
00a0
7206
c9fa
0cff
7020
e70a
0069
ff26
0033
7982
a718
fc97
00cf
0100
5025
469e
3ff2
1003
0090
7901
e3ba
03fe
2f80
c402
008b
0000
2131
2080
2d90
fdc4
00c2
0080
6053
0668
8000
0001
0060
bf71
1ef0
0c40
2180
7c94
005b
5ea0
0616
c674
3fff
7fff
008f
0800
41a2
8678
9d69
c403
00e7
f911
0015
c882
3fff
ebff
000f
e9a0
a4cf
25b7
2000
5dca
005a
f101
a439
0597
fe9a
2000
0088
fffc
fff3
d0fe
7400
fff1
00cf
f5ff
40a3
9e7c
6de8
0009
0088
9765
41d6
3e78
65e8
a681
003f
0800
ff22
fcff
3f7f
6000
0088
bf7c
14f0
8440
9e18
0001
0060
ffd8
f133
1011
0bf7
0133
00c4
1800
e702
6cff
000d
ff62
00cf
633f
0470
d5ec
2fee
033f
0084
ebc2
804f
0b58
feb0
c006
005e
1180
0c79
85ec
3ffd
82b3
00c1
b001
8c57
1ae1
7b00
88c5
00b5
b001
0017
1ec1
7b03
8665
005a
ebe1
486f
2540
ffbf
43e6
0008
0000
c018
0bfa
2100
941e
005a
1102
fca2
03fe
2180
0002
0088
00a8
c815
ecbf
0251
c401
00eb
606d
c056
263d
8f10
fd03
00cb
3ffd
c850
ecbf
0251
fc8b
00cb
4809
3400
9e9c
7001
e021
00e1
1903
0c22
85e2
2ffb
2023
0081
8830
c817
ecbf
0251
0003
0008
f100
163a
1598
8f70
c409
00e3
ff40
ff72
240f
2ff2
2027
0081
ff2d
47b2
2009
2190
fef8
00cb
4808
0c30
25e2
a564
ff85
00a9
5510
6f43
0cff
c010
ec1d
00e1
7f44
1838
63fa
87b8
ff0f
0061
3a85
d0bb
4ecf
3771
fe2a
008d
0052
0014
0000
0000
0000
0000
e877
422f
0580
2100
a10e
003f
eae4
034f
4bfa
5b88
0051
0088
96f1
6816
2bfa
4005
0001
0000
e864
3f2f
15c0
2100
a10e
003f
0000
0018
0000
0000
0000
0000
777c
ffa3
00df
8f68
8003
0088
7002
0ec3
abfa
fe81
f802
0063
e858
7f2f
1588
fe84
a18a
003f
eb63
1e6f
a3fa
fe80
ad02
00bf
ff22
0572
1419
eba0
c806
005e
00c1
c169
5185
798a
0000
0060
288f
f615
9cff
060a
fff2
00cf
2370
6000
5b58
2080
0a00
00e4
fffc
fff3
a0ef
65e4
2979
002e
ff25
0033
2090
6de6
fe75
00cf
00d6
f60a
5cff
0631
8500
0035
0280
0019
0600
8000
a229
0054
eb40
006f
9882
5518
ac0d
00bf
23f1
bb96
408a
feb6
ac8a
003f
e80a
f60f
5cff
0632
8500
0035
0280
0019
0600
8000
a229
0054
eb40
00af
9882
5518
ac0d
00bf
23e1
bb96
408a
feb6
ac8a
003f
e80a
c00f
0e1f
87b4
dc13
008d
0050
e094
08df
fe94
0000
0060
8641
94ab
22e1
1248
190e
002e
777c
91e3
4203
1290
8522
0004
e837
e42f
6cff
000d
4920
00a0
1485
2108
0a07
a710
fffb
000d
f600
f66f
4cff
0631
e202
0069
ffd8
abb3
dc18
b866
5190
00a0
7102
1c3a
43fa
f020
0416
003c
2073
3968
1a05
a794
fc99
00cf
2000
4064
0e9c
2000
2000
008a
b001
0022
7c40
2005
a428
000a
ffff
8933
0cf6
0bf7
0153
0008
92e4
0007
0600
2000
fdca
00c2
004e
8041
0650
8000
fca9
00cb
251e
c8a0
9cbf
0480
042b
0088
88a0
dc97
3c2f
0004
fef4
00cb
4808
2960
0c3a
4060
0000
0060
f200
0019
0600
2080
821c
00d4
e100
5419
0bff
fea0
a7fe
005a
2409
0cfa
45d0
9551
75ab
0059
0000
5018
8bfa
21ff
2004
0088
5d65
fe16
2087
fea6
a502
003f
5013
fc39
c887
2080
840a
00e7
ddc8
04d6
0e54
2080
c406
00e7
1ff0
70e2
15b7
9551
76fb
0059
ea42
006f
0082
fe94
7ff6
0008
0800
6e22
8597
21ff
a988
00bf
e940
444f
3e55
65db
7ff5
0088
1000
5002
fbfa
2080
2038
0088
5dad
ff56
0087
2100
a502
003f
5013
0079
1882
9e10
fff3
00cf
dfff
6a23
55b7
a240
0001
0008
2ab2
8423
10c8
a462
dc10
008d
7f82
14a3
0500
0000
0000
0000
ff90
35b3
8840
3ffd
8c53
0001
ffd8
9c33
ec18
3777
d884
00bf
0800
0002
389c
f001
8136
005f
0114
004f
064c
8000
0001
0060
0088
7015
7bfa
5098
4131
00e1
1085
2016
063c
8000
a005
003f
39c1
642a
00c6
fe82
dc0a
008d
0052
0014
0000
0000
0000
0000
e834
e42f
6cff
000d
ff64
00cf
6286
f620
4cff
0631
d801
00bf
8452
140b
ebfa
fe86
a230
00bf
0204
40cf
4bc0
a16a
0000
0089
7800
0002
189a
2880
0002
00c4
0065
4202
f0a6
3fff
1697
00cf
bf74
18b0
5080
7968
0000
0060
4000
d462
2b59
0bf7
0173
0044
1281
0019
0600
8000
fdc9
00c2
0055
5011
0bff
fe9e
fde2
00c2
004d
0003
0888
2380
7042
005e
4000
61a2
0bfa
79c1
c27d
00d5
4002
2859
024e
2200
0002
0089
8a11
61d7
6bfa
fe98
2846
005e
2996
28d5
b24e
2ff2
2027
0081
2000
0022
088e
78a5
c001
0088
4108
ca62
ecbf
0251
2942
005e
ffbc
0232
6c12
0ead
1803
0014
4000
6122
1bfa
78a1
a61d
00bf
e986
846f
15e2
541a
2099
00ae
8834
642b
055e
3a22
0103
00c0
8e52
510b
484a
fe84
a188
00bf
9871
2e69
1597
ef21
2002
0008
0c42
eaa8
0087
7401
2155
00ae
8847
88cb
1ae3
b8c3
9104
00ce
0080
8820
8ce8
2000
a288
00bf
e845
2a6f
1597
ef21
2002
0008
0c42
d568
0087
2400
6c18
00e8
9030
01d7
15d0
fe9c
a60a
00bf
a95e
0216
a3fa
a1b0
40c3
005e
3de1
642a
10c6
a35a
a400
00bf
0052
0014
0000
0000
0000
0000
8483
01a8
13fa
2ff2
947b
0080
ff21
0272
8c12
2010
2282
005e
202d
4215
8886
2ffb
2023
00c1
e82a
18ef
0c3a
4080
0000
0060
e8c7
f62f
4cff
0631
f231
00cf
ac8e
f629
8cff
07e2
ff68
00cf
44c4
f6f0
8cff
044c
815a
005f
6224
0ced
1358
9418
aa81
0035
0802
2442
fd46
21cf
0800
00e4
3014
1ad9
8597
b884
fc90
00cf
0300
2802
2b5b
2080
0600
0064
5c64
8e16
aae1
9301
fc8d
00cf
0300
3fe2
2087
319b
8842
000c
0000
1482
0500
0000
0000
0000
e82d
006f
03fa
3fc8
b23b
00e6
5805
1882
aa20
3ffd
8c53
0041
ffda
8a33
981f
3ffd
108b
0041
ffd9
07b3
8811
3ffd
10cb
0041
ffd8
0bb3
0811
9088
6000
0089
e84a
806f
75e1
d6a6
989a
0035
6873
096d
4359
d622
80a2
00b5
005c
1e97
0ba9
2600
c004
0089
8908
dc42
2c2f
1005
c605
0065
0000
0018
1600
0bf7
0137
0044
a863
dd68
bc2f
3004
6015
0009
5800
8062
25e1
2080
664c
00d5
3014
6019
0658
9520
18c9
00ae
5c25
3316
2046
80c8
7fc2
0008
0802
fc22
a887
5598
0801
0065
301a
1099
0ae2
9820
706f
0059
214c
2081
0205
9318
0001
0060
0000
24d8
4546
fe9e
5002
005e
50a3
1855
924a
2ff2
2027
0081
5908
9922
0bfa
7865
a791
00bf
ff28
47b2
0809
7867
fef1
00cb
4808
94a0
0c3a
3060
0050
005d
2000
0022
15e5
5509
a185
0024
a322
638e
2d46
9286
fca8
00cb
4809
ca20
ecbf
0251
1a42
005e
5908
9922
0bfa
7861
fef1
00cb
4808
a520
0c3a
3060
20dc
00ae
5c55
c8d6
0cff
2018
c04e
0064
1e7f
03a2
a082
6dc6
c605
00a8
19b2
e403
20ce
8b06
0000
0060
1887
ffd5
3cff
3b98
fdd7
00c2
ffa8
68d0
01e3
8000
a581
00bf
0052
0014
0000
0000
0000
0000
ff90
35b3
ea40
37ff
5892
0058
ffd8
cdb3
0c18
2bc0
0003
0004
6320
dfad
90dd
3ffd
89c3
0081
ffd8
ce33
6418
d652
8c82
0035
fee6
28b2
8800
6955
a029
00bf
2000
09ab
15c0
2980
fff2
00cf
2004
000f
fcd4
1fff
46a0
0055
fee6
28b2
c800
6954
a029
00bf
0001
0102
8882
3ffd
22d3
0001
519f
dcd5
6cbf
500c
fc84
00cb
2004
d040
5cbf
048b
fd24
00cb
2004
4070
7597
2ff4
22d3
0041
ffbd
2db2
0012
3700
579a
005a
7800
0018
0600
ec05
4002
0009
2102
628d
0554
87c0
0001
0060
0000
2258
0d20
3fb8
fa07
0040
7800
76e3
6542
7400
ee01
00cf
3e81
0170
05d0
3fb8
fa07
0040
ff27
0272
0812
2ff2
947b
0080
5110
a822
65e0
615d
2441
0088
ffb8
0232
8812
3ffd
8ceb
00c1
e9ce
0030
0042
d632
fdcc
00cb
00ca
c0a2
30dd
2ff7
0313
0084
0050
e094
08df
fe94
0844
00bb
ffe1
3332
0420
0000
0000
0000
e80d
0caf
e3fa
fe84
a1ce
003f
ff90
23b3
5840
2500
0208
00a2
ff90
35b3
9000
3ffd
8c53
0081
ffd8
8033
841f
3ffd
8abb
0081
777e
0003
e894
37ff
2006
005e
6403
89ad
4358
d600
8002
0089
00cc
0057
889e
2890
ff6c
00cf
4368
f730
bcff
0436
fdc8
00c2
00c0
8041
064c
8000
0001
0060
bf72
2ef0
5040
0bf7
02e7
000c
3481
24a9
b55a
2ff2
2027
0081
5108
0022
0894
7886
fca1
00cb
251e
00a0
5896
2ff2
8123
00c1
8900
ef17
8cbf
0480
ab5a
00c3
0600
0e84
25d0
2580
ff62
00cf
436e
2660
1566
94c8
ff62
00cf
4380
2880
1253
521a
fc89
00cb
4809
4220
0894
78a4
c401
00e9
ff28
47b2
0809
78a9
8801
00e7
0028
0017
1894
78a0
fef1
00cb
4808
2120
0c3a
5060
c334
005f
8083
001b
4600
4b88
fb80
00cb
fffe
0c25
05e2
8000
5751
0092
8800
b817
fcbf
bfff
aa52
00c3
0600
0004
2894
7401
c335
005f
8083
001b
4600
4b88
fb80
00cb
fffe
0c25
05e2
8000
5755
0092
8800
b817
fcbf
bfff
aad6
00c3
0600
0004
0094
8000
bac1
00b5
bf75
1b30
00c0
9601
0403
00e4
0800
b9a2
05b6
d70b
8042
00e5
5ae2
4016
1640
2080
4000
0089
2000
8422
55e5
5589
004f
0065
2c81
0009
2894
ea42
2006
005e
218f
2895
b24b
2ff2
2027
00c1
ff28
47b2
0809
2500
2b42
005e
e200
4239
0894
78a4
fef1
00cb
4808
bde0
0c3a
5060
2124
00ae
bf75
11f0
4080
3ff2
1803
0008
0000
0398
c882
3fff
e7ff
008f
db3b
6f56
0554
2500
8002
0088
9610
2657
4d56
9401
b205
0024
5000
08a2
1ba9
7880
864d
0054
2ca2
c889
9cbf
0480
4002
0089
8a70
4017
0e9e
78a3
fca1
00cb
251e
c020
0e7c
78a3
c805
00e7
5108
9022
c5e2
2ffb
2023
0081
e8c6
8030
4141
b884
4482
0055
ff24
0c33
0080
8000
2009
0088
1fcf
ab62
05b6
2100
4462
0055
1fbf
03a2
0082
8000
fc81
00cb
7e3b
c360
05b6
2500
203a
0008
1040
efe2
c087
5518
fc81
00cb
7e3b
c160
05b6
2100
4422
0055
1fbf
03a2
0082
8000
fc81
00cb
7e3b
bf60
65b6
6db1
c605
00a8
2232
6403
20c6
8b08
0000
0060
2087
ffd5
4cff
3bd8
fdd7
00c2
ff3a
9100
01e4
8000
dc09
008d
0050
e094
08df
fe94
0000
0060
7760
fda3
70df
8f60
fa0f
00e3
ffd8
80b3
241f
8ff8
a067
00bf
e83b
31af
069c
903e
fe42
00cf
008e
2020
6e9e
8f70
e509
00e9
e8fe
ff2f
fcff
3bff
8804
00b5
5a6d
d176
06de
9100
2003
0088
e8cb
000f
7884
a710
e807
0069
ff9f
23b3
8c00
3ffd
f80b
0041
1000
ff22
fcff
3bff
8804
00b5
5a5d
0016
0644
2080
e188
0025
2001
0022
18b0
7861
fffd
00cf
937a
8073
d5e1
feb5
ad72
00bf
8611
6617
5546
9786
fe70
00cf
00d6
f630
2cff
0627
fc83
00cb
251e
a020
55e1
2c00
0002
008b
ff25
0272
0812
7866
8805
00b5
d003
8462
55e1
2080
fee2
00cb
4808
52a0
0c3a
3080
1e00
00e1
8631
dd57
6c2f
3005
ac81
00bf
eb41
df2f
2c2f
3015
8000
0088
7d21
0016
3084
2180
a060
00bf
eb20
d04f
1bfa
2100
600c
0088
2000
df22
6c2f
3014
f454
005b
e818
c82f
03fa
2080
4002
0008
bf7c
4f70
20c0
6fb4
a061
00bf
eb20
000f
0882
2100
6000
0088
bf7c
4db0
a0c0
6fa9
a061
00bf
ebe0
000f
0882
2100
6000
0088
bf7c
4bb0
20c0
6fa9
a061
00bf
eb20
d84f
0bfa
2100
fdf0
00c2
0126
aac3
85a0
fe81
ac82
003f
eb81
002f
0084
2180
fdf2
00c2
011f
12c3
85bf
fe81
ac82
003f
eba1
006f
0084
2180
fdf2
00c2
0117
10c3
85bf
fe81
ac82
003f
eb41
002f
c084
0bf7
043f
000c
f9f4
0616
0bfa
febe
2000
0008
bf7c
4270
e0c0
6f9a
a061
00bf
eb20
000f
c082
0bf7
040f
000c
f9a8
0616
0bfa
7410
ac81
00bf
0801
6ca2
2570
6f9a
a061
00bf
ebe0
004f
b082
5c1a
e675
005b
e818
c82f
13fa
feb4
4006
0008
c1a5
75d5
85be
fe81
ac82
003f
eba1
006f
1084
2180
067e
0057
fc18
0616
0bfa
feb2
ae04
00bf
1000
0042
8886
5c19
f045
005b
e818
2d2f
4880
692a
ac81
00bf
e087
64b9
e570
6fd2
a061
00bf
e107
d059
b3fa
5c18
ac83
003f
fd60
0616
6bfa
9e10
ad05
00bf
e187
6119
0d70
feb2
f904
005b
e818
1acf
829e
a70c
662d
0054
f080
c839
abfa
5c18
0745
005a
e818
200f
467c
5c18
ac83
003f
8204
0016
c0b0
3ff9
035b
00f8
b001
6817
c570
3ff9
035b
00f8
f082
d819
8bfa
3ffd
8a23
0041
63c1
4d2d
0583
8444
c201
0063
e818
c82f
13fa
feb6
af0a
003f
c191
8cd5
85a0
fe81
c202
0067
1000
0022
b086
5c18
ac83
003f
fb84
0616
6bfa
9e08
4001
0088
1801
6102
0d70
feb2
edf4
005b
e818
f60f
ecff
062a
fe77
00cf
0032
f050
0b58
3701
8834
00b5
0410
536b
3593
b344
0003
0008
7c44
041b
78dc
5c18
f111
006c
10b8
0416
0611
8f00
0001
000b
e208
6079
067c
8000
18c5
002f
218a
2255
2546
2000
ac86
00bf
bf7c
1bb0
20c0
feb4
861a
00e7
8296
0016
00b0
feb2
2002
0008
bf7c
1930
10c0
2100
6006
0088
f9de
0616
0bfa
febe
2000
0088
1001
0042
c886
0bf7
016f
000c
f9d4
0616
0bfa
feb2
2004
0088
1000
df02
3c2f
3005
e9b4
005b
e818
c82f
13fa
feb6
4002
0008
bf7c
1330
20c0
69ff
b185
00a9
fb93
8c8f
cbfe
3fff
1683
0008
c000
0022
4880
5009
fc81
00cb
251e
4010
7ebc
65b5
c605
0063
f102
d038
dcbf
03ff
fc85
00cb
4809
c830
ecbf
0251
040c
000b
0903
ee22
8cbf
0480
1902
005e
eb20
00ef
0882
5c1b
8005
0088
7c15
0016
3084
2180
a060
00bf
0014
8062
05a4
feb2
200e
0088
c126
0055
4884
2180
8004
0008
fc08
0616
0bfa
feb2
ad84
00bf
1002
66c2
2570
69fc
b185
00a9
fb93
8c8f
cbfe
3fff
16cb
0008
c000
0022
4880
5009
fc81
00cb
251e
4010
7ebc
65b2
c605
0063
f102
d038
dcbf
03ff
fc85
00cb
4809
c830
ecbf
0251
040c
000b
0903
ee22
8cbf
0480
1902
005e
e208
6079
067c
8000
31c5
0026
2189
2215
3546
b340
043f
0057
ffc0
3332
0011
8000
b085
005b
e818
c80f
3bfa
2080
0618
0057
2001
f622
159e
2100
600c
0008
e818
e18f
3e1e
87f4
ac03
003f
3b45
f0bb
ae1f
37f8
ec1c
00e1
7720
14a3
0500
0000
0000
0000
ff90
35b3
8880
3ffd
8a23
0001
0812
1015
0358
9018
1285
0024
ff22
47b2
8809
2010
fc82
00cb
4809
a830
25e2
5291
a421
0088
ffb9
0232
1812
0e82
2003
0014
0000
0458
85d0
b840
630a
0059
ff20
c033
088f
fe86
fff0
00cf
c0ff
00a3
0082
2000
014a
0050
e860
2e2f
2596
2080
7f00
0088
8856
0009
2080
4005
0001
0000
e823
106f
03fa
3ff9
035b
0084
ffd8
a233
0018
fe86
ddfa
000d
6020
112d
0583
8404
c201
0063
7702
14a3
0500
0000
0000
0000
e840
e42f
6cff
100d
ff60
00cf
62ae
e420
2cff
1003
8081
00b5
777e
0803
fb58
6103
0229
0061
f100
c098
28dd
4005
0001
0000
e840
e42f
6cff
100d
ff60
00cf
62ae
e420
2cff
1003
8081
00b5
777e
0803
fb58
612e
0235
0061
f100
c098
28dd
4005
0001
0000
777e
02a3
6bfa
5112
a0ad
00bf
e86e
234f
83fa
3ffd
8abb
00c1
ff90
35b3
0000
3ff9
00cb
00c0
1000
8042
3358
d620
d870
00e4
585d
0216
0082
fe98
4000
0088
5859
6016
93fa
2080
fe40
00cb
477e
3170
0583
8f08
a503
003f
1000
5862
53fa
fe80
f4c2
003f
0800
0022
d880
501a
61f5
005a
e805
0a6f
05d0
2ff9
1dfb
00c1
0cb6
2016
463c
2100
a014
00bf
ff95
35b3
8000
3ffd
8abb
0041
6201
676d
5d40
3ff9
00cb
0040
6201
870d
7e45
6583
2021
0008
e980
70af
23fa
fe9a
60ca
0059
e980
024f
5082
3ff9
035b
0080
2800
f602
ecff
062a
fe57
00cf
0032
8051
1b58
2000
a422
0054
6220
006d
0082
8000
6155
005a
e805
280f
2bfa
3770
014a
0050
e80c
0d2f
03fa
3ff9
023b
0080
ffd8
8a33
141f
b845
ddfa
000d
6201
1c2d
13fa
d625
8002
0008
6800
0022
0096
30a2
c002
0089
0000
1071
1080
2880
644a
000a
ffff
5973
ccf1
5213
5a15
001e
0000
0018
0888
fe98
a2de
0054
e9a1
da2f
45aa
fe80
9002
00b7
01b2
f615
ecff
04c7
9fff
0088
01a6
f655
ecff
04c7
e04e
005f
1301
0019
0600
8000
c23d
0054
1280
0019
5600
6158
6818
009c
8a01
6317
1bf0
78a0
433d
0096
ffff
6273
1a88
78a1
f449
00bf
e9ef
0070
2140
308a
fb90
00cf
3a99
ca84
bcbf
0480
fca7
00cb
251e
2420
05e2
8000
fef1
00cb
480a
ad70
0c3a
4060
8000
0088
64e1
008d
60c2
5218
4001
00e1
0f2d
0016
063c
8000
8001
0008
35a1
8caa
10c8
a2d6
f672
00cf
0010
201c
2bfa
3770
014a
0050
ff20
0f72
2018
fe80
ddf8
000d
00af
0035
0080
2280
46b6
0054
ffd8
9873
0819
7401
0001
00cb
0022
0000
0600
4840
0000
0060
0187
b815
fcbf
0ffd
0000
0060
8400
0005
5600
5018
5285
0028
9483
0008
1600
521f
fc85
00cb
251e
c820
9cbf
0480
043b
0088
88a0
0497
e548
2190
fee2
00cb
4808
0870
0c3a
4080
0000
0060
ff92
08b3
0c40
2ff9
f86b
0081
ffd8
98f3
0019
8f00
4b5b
0058
6020
800d
03ff
2000
dc08
008d
0052
0014
0000
0000
0000
0000
7ffe
dc23
0c2f
2004
a0a8
00bf
777e
0003
a600
3ffd
f8a3
00c1
ffd9
c533
0c18
1800
00d3
0008
3181
0019
0600
8000
62bd
0054
5180
5099
03fa
3700
66ac
00d4
180f
c802
acbf
0602
899e
0058
ff20
0a72
0418
8000
fc81
00cb
602c
9860
0588
2ff2
80af
0041
7800
01e3
0086
2ff2
80bb
0081
225a
c816
dcbf
0602
c005
000d
e180
f839
1595
9501
2033
0008
8c54
fc29
0087
9f18
2033
0008
57d8
8d16
1ae1
9501
fc8d
00cf
0070
e3e2
1087
9e18
2027
0008
57d0
8d16
1ae1
9501
fc8d
00cf
0070
e3e2
2087
32ab
6642
000c
7702
e0a3
28df
4005
0001
0000
e840
e42f
ecff
1008
ff60
00cf
7e28
e420
2cff
1003
5827
005c
6020
080d
0358
0000
0000
0000
7ffc
f663
8cff
07e2
fe40
00cf
008e
de20
28dd
a790
fe41
00cf
0032
21b0
6e9c
ffd1
9008
00b5
7082
8263
558a
d640
0006
0088
70c7
009a
5882
a718
e507
0069
e80d
dc2f
7c2f
3004
54a0
00e5
5725
4096
0678
fe94
2002
0008
e103
0079
0882
fe94
5c82
005b
f101
5039
2bfa
2080
5c72
005b
e087
00b9
667c
9e08
6003
0008
1820
8122
1ae0
7800
0041
0084
8454
1849
3a00
6572
2089
00a0
1fc0
00c2
0882
fe94
a000
0089
0001
0102
5082
569a
5129
00e1
0e71
2016
063c
8000
a035
003f
0000
6782
b55a
8544
3c7b
0058
f080
0018
0600
2680
0004
0008
6997
12d5
7e15
60f1
c201
0063
0000
0058
2880
5699
5151
00e1
0be5
2016
063c
8000
0001
0088
698c
14d5
7e15
60be
c201
0063
0000
0018
6880
5698
5151
00e1
0bd9
2016
063c
8000
8015
00e7
8ff9
0056
0880
569a
514d
00e1
0bd9
2016
063c
8000
a001
0089
0004
0002
70de
5699
54a1
00e5
56c5
0016
16be
fe94
c000
00e7
56c1
0016
4e8c
3700
0014
0088
f004
507a
43fa
9e10
2013
0088
690b
2055
0e8c
2000
0000
0060
544a
8c38
0583
8f08
0001
0060
e80d
c20f
08dd
4005
fe11
008d
e9a0
000f
0600
0000
0000
0000
e833
0caf
43fa
3fca
b23b
0086
ffd8
c533
2418
9024
ff62
00cf
7e28
df00
08dd
fe85
a1bc
00bf
7000
8142
4b58
d601
0002
00c4
002b
0002
18a2
2a00
fffc
00cf
d224
8113
01e4
8000
828d
0054
5201
0019
0600
8000
827d
0054
ea60
706f
cbfa
5908
c009
008d
6131
0056
3084
fe9e
e004
00e1
169d
0016
063c
ffd4
004c
005d
7002
4a23
0598
2100
a78c
003f
7801
9c38
0585
8f00
f501
003f
e9e3
482f
0598
fea6
c00a
000d
1001
7062
13fa
8780
5a2b
0058
f000
5018
13ff
a39c
88ca
000c
2a90
8863
4291
3770
014a
0050
8222
e42b
6cff
000d
ff60
00cf
6314
0000
0b58
2000
8080
00b5
e045
0117
10c0
9008
0041
000c
0421
0049
1880
7820
0149
0050
fd02
fb2f
50df
b88f
fc1b
00e3
775e
81c3
ae3f
8f68
7e51
00a6
f789
3898
0a3c
2c00
0014
008b
7e85
803b
a5e3
ffd0
0698
00d7
7b08
a0db
8e43
3ffd
157f
0041
c000
2e02
7cff
1ac0
2005
0089
ffd9
a173
3418
d664
8946
0035
3380
4019
f645
3fff
93a7
004e
a929
0007
7600
5498
0245
00ea
0001
3862
5bfa
6d71
001d
000b
0000
6318
3570
9a48
0001
0060
fd92
f973
34bf
8a52
ae00
003f
4885
0035
a0b0
6852
0025
008b
8000
e797
6cff
d00d
c006
005e
bf7c
ec70
30c0
9a48
ff61
00cf
4286
6490
acff
2ffe
8a45
00b5
fee9
08b3
0240
8000
fdd1
00c2
03a3
2011
0e45
feb8
2010
0088
ffd8
0ab3
3411
4009
e247
002e
1d41
74e9
5694
9a49
8003
0088
ff9e
35b3
1b40
7945
fe79
00cf
00d6
002d
0896
7941
25f1
0085
d10a
f638
0cff
0627
5187
005e
c34b
0532
1c00
d63a
5102
005e
a8f1
0c3b
15e5
2fee
033b
0090
9430
5f17
284e
2ffe
ffff
00c5
9440
b857
0cbf
700d
50c2
005e
037d
0037
70b0
81ca
4702
00e9
9440
0017
2600
6840
a061
00bf
ff9e
35b3
6b40
7437
200d
0088
83fd
0616
ebfa
3ff9
035b
00b4
4370
0097
7882
683f
a061
00bf
ff9e
35b3
ab40
7436
2005
0088
83f1
0616
ebfa
3ff9
035b
00b4
4364
a457
3b58
8688
4e01
0064
0000
39d8
0104
2c00
ff66
00cf
442b
61c0
1d4e
d649
4e00
0064
0000
39d8
0144
8000
e609
0054
c005
f602
6cff
0442
8a45
0035
1380
f659
7cff
0442
539c
0010
6492
618d
054e
9238
0001
0060
14e7
0005
3600
5398
0015
008b
b000
e797
6cff
d00d
c006
005e
bf7c
cf70
e0c0
3ff9
035b
00b4
ffd8
9c33
2418
2080
8e84
00b5
03c1
bc56
ecbf
400c
fbc4
00cb
00d0
0605
0bfa
7433
8e01
0064
ad86
f639
acff
0609
7cd1
00a6
fffe
5473
147d
d639
fffa
00cf
e961
e011
e644
3fff
ed07
0047
c000
2442
954e
3ffd
8277
0001
6591
e00d
9644
3ffd
8283
0001
6591
624d
054e
9138
ac81
003f
1fb8
e9e6
1187
2100
e20c
00d4
0801
82c2
05a3
feb2
ae86
00bf
19a2
d096
3bfa
feb6
aa10
00bf
7808
0603
7bfa
5c0b
ac83
003f
b901
f62e
9cff
060a
d007
005e
00e1
f469
c358
3fff
8dc3
0000
388a
e015
5e44
2080
57d4
0059
8e7e
c9cb
0cff
2400
fff2
00cf
bfff
82c3
05b5
2100
37ba
0058
eb20
004f
0082
feb2
62fa
0058
eba1
010f
4ecf
bb42
ee50
00bf
fba3
066f
2540
ffbb
4656
0008
0000
c818
ecbf
0251
0003
0008
ff40
ff72
0c0f
af18
c805
00e3
5791
6096
363c
8f10
fc8d
00cb
4809
c8b0
ecbf
0251
0408
000b
2902
ee62
8cbf
0480
3902
005e
ff9e
35b3
1b40
742d
8e01
0064
0000
ff98
1cff
1f57
7cd3
0026
fffe
6073
ec7f
3fff
fd47
00c7
7520
f596
eaf3
3fff
dd07
0047
eb20
d06f
83fa
fe81
ac80
003f
c186
0015
3886
675d
ad85
003f
eb42
060f
23fa
febc
36ca
0058
eb20
d04f
13fa
bba7
9ebe
0029
fffc
c833
2808
139c
56b2
0059
fffc
dc33
2808
81fe
e802
005e
1ffc
00a2
e082
6d5b
ff61
00cf
609a
f670
dcff
0609
8e44
00b5
6592
a00d
8e83
3ffd
8283
0041
1780
e47a
0358
a0ec
8e11
0066
0000
38d8
8227
3ffd
1f13
0041
38aa
f675
4cff
047c
e005
008d
e989
c2d5
15a2
9f38
ff61
00cf
6060
f610
ccff
0607
3803
005e
bf7d
1130
0040
feb2
ad86
00bf
bf7f
10b0
00c0
2100
f442
00bf
9852
7796
2884
ffb9
02ee
0054
ff20
47b2
0c09
6573
fd01
00cb
3ffd
2030
16bc
8f10
0003
0008
ff23
0272
2c12
2ff2
947b
0080
0030
4097
20b0
2290
fee6
00cb
4808
9020
65e3
9a38
a473
0057
0000
a618
0af3
a7a4
73e3
00a6
71c8
9dda
1af4
a79c
fff3
00cf
2370
57e0
e595
b8e7
2016
0008
ff27
0033
c890
3fff
ffff
000e
d570
e016
9e7c
3ffd
8183
0041
f481
3d99
0a67
a79c
ff65
00cf
607c
8030
05e4
9f18
8423
00e7
eb20
d86f
2bfa
689d
c801
0067
1911
a21a
2678
a195
6429
0062
eb61
792f
0582
3788
c020
008d
eb20
004f
88de
5e98
2ae5
005a
f381
2019
767d
b8e7
939c
00a0
79c0
525a
3cb0
0001
ce03
0067
ff9e
35b3
7340
f63a
9222
00e7
0233
ca57
0cff
7ff0
749c
00a0
51c0
e01a
9e48
3708
2724
0058
9d94
ffa9
1cff
1c34
a601
00bf
7803
02c3
b8dc
609e
e409
000d
708d
6023
13fa
930e
c030
000d
3887
a5d5
c5a2
9e38
9225
0067
8e77
39cb
9a09
a71c
0525
00cb
0014
e2f0
9678
9e28
c80b
0067
ff29
f3f3
4a7f
b8e7
9236
0067
24e7
ffe8
8cff
d244
e7f1
0004
1d27
c9c8
fcff
7fef
721c
00a0
3477
e018
3668
9f48
73e1
0026
1ca7
8068
edc0
3ff9
035b
0034
ff27
c033
09ff
2c00
749c
00a0
51c0
e01a
e648
3ffd
1f13
0001
9d54
ffa9
1cff
1d75
fff9
00cf
d941
3871
e24a
b967
e24c
0054
fffc
dc33
8808
654e
2015
0008
fffc
fff3
78ef
3ff2
0003
0009
d4fc
f616
9cff
060a
ff7b
00cf
6060
f780
ccff
0607
8b06
00b5
9600
b017
6682
6160
a605
003f
fdc0
502f
03fa
2580
0d2e
00cb
0013
e190
1670
8347
a201
0061
0000
4e18
1a64
8349
0e11
0067
0000
e9d8
93d8
3ff2
fc03
009f
51ff
221a
0671
8000
9391
00a0
ffe2
fff2
8c5f
994b
0e24
0067
0000
e5d8
53d8
3ff2
fc03
00a7
3491
e298
0670
8000
749d
00a0
51ff
2c5a
060d
9a38
081d
0067
9cb8
f8a9
fcbf
17ff
0e15
0067
0000
e5d8
53d8
3ff2
fc03
00a7
3491
e2d8
0670
9a50
749d
00a0
51ff
901a
8e94
9a93
0e30
0067
ff9e
35b3
7340
f63a
fca4
00cf
ff00
9029
d694
9c38
067f
005c
e818
49cf
0a07
a51c
8e01
0064
a206
a619
4af3
99f3
94c4
00a6
fffe
58b3
e47d
3fff
ed47
00c7
fffe
d073
e471
3fff
de47
00c7
fffe
e873
fc7f
5490
fff9
00cf
cfb1
7131
069e
8000
ac81
00bf
0a75
e896
13fa
feb4
0000
008b
4009
d057
3bfa
61a3
a321
0008
eba2
c82f
83fa
fe81
0000
0060
eb20
d06f
cbfa
5c18
ad89
00bf
f40d
0616
0bfa
feb2
ad84
00bf
1000
60c2
6570
6f52
a061
003f
6fc0
8029
25ee
5e89
e4e5
00ba
71ca
f03a
1a5b
5d89
8029
00e7
eb41
636f
1570
2100
cfea
005b
0801
02a2
8e78
5010
4001
0088
e818
000f
2600
6f51
a061
003f
eb63
a12f
ce7c
609f
ac81
00bf
eb64
e88f
1bfa
feb4
f380
00a5
eb20
f1cf
1a07
feb4
af88
003f
398a
0015
7884
689d
0029
0088
8cbd
0056
3884
609d
ac81
003f
eb41
008f
e5d0
689c
fe79
00cf
00d6
50ad
e5d0
3ff9
035b
00b4
c000
4fe2
05d0
9248
2001
0008
fffe
d473
4c93
9a71
fff8
00cf
7341
c032
b3fa
5388
ac89
00bf
eff1
0616
0bfa
feb0
2004
0088
eb22
634f
a570
6efe
a061
00bf
400b
c897
fbfa
6ef5
a061
00bf
eb00
004f
2882
feb2
060c
0057
ef58
0616
e3fa
3ff9
035b
00b4
411f
8017
9e48
3ffd
0003
0001
d091
003a
6094
bc85
21d6
002f
a480
03f3
18c0
99cf
fe50
00cf
00a8
e523
4cff
2005
fe4d
00cf
002a
ffb2
5cff
1178
f621
00cf
ffac
186e
1359
d646
89ca
0035
6271
10ad
0b59
1000
0087
0010
6243
2cad
1359
8acf
b4c2
0022
4c90
8038
0e48
792f
8a41
00e4
9231
25d7
354e
a511
50c3
005e
5154
0c3a
e5e5
5508
a385
0024
5115
8c7a
65e3
a515
38c7
005e
3988
38b5
924a
a511
445f
00e9
8ef0
5697
8e94
a515
3bc3
005e
a391
0019
2600
a1ce
4746
0069
2941
586a
128b
3110
fe78
00cf
00d6
002d
e8b0
740d
8e01
00e4
ffd9
8a33
341f
8688
ff63
00cf
6340
5510
6a67
bce9
a52c
00bf
a532
2549
6cff
11cd
d902
003f
ff94
0cb3
8d00
d003
8a44
00b5
6682
640d
ecff
2ffc
fffb
00cf
c181
c031
5644
ffa5
08a2
00b5
11ae
2416
eb59
3fff
0e47
00c7
a188
ff99
2cff
1058
544b
0000
e818
e7af
6cff
d00d
02e6
005d
2380
4199
be68
625c
7051
00a6
fffe
d8b3
f473
a1c2
a060
00bf
ff9e
35b3
eb40
740a
a00d
00e1
ffd8
d033
9c18
3ffd
f8a3
0041
2480
41b9
40de
8694
d847
003f
a494
9da9
82f4
d02f
dac6
003f
e885
b62f
ab40
9a38
eaa1
00bf
9d52
2209
6cff
11cd
3ba3
0035
fa71
322f
8353
bd26
49e6
002f
ff95
0cb3
5900
0116
ca32
0063
1871
22e0
1e3c
d625
9880
00ce
0001
20e1
0e3e
3fd9
ff3b
00bb
1e09
2016
1e44
d664
c66a
000d
6270
25ad
d0dc
8790
fe7b
00cf
00d6
338d
3e1e
a525
e23d
00e1
e818
3a4f
abfa
8d20
e443
0061
e8a7
62ef
5e34
7007
a495
00bf
d10c
8698
3694
868c
e043
000d
6884
23b8
00dc
ff67
9202
00e4
9854
2e09
0b40
ff65
a216
0061
0018
922d
e3fe
3fff
3d8b
00c9
4ae8
914d
8bfe
d40c
9050
00a6
1c2f
ff8a
1cff
1874
fffb
00cf
8951
e7f1
359e
0187
e622
00e3
a30c
8259
4e3e
0156
e21c
00e1
ff9e
35b3
2b40
7005
444d
00e9
e818
550f
0694
9248
e017
0008
6843
f638
0cff
0634
9051
00a6
fffe
58b3
8c95
9a20
a0bd
00a8
ff90
35b3
e140
3fff
3747
00c9
7852
a856
eb58
bd28
2400
00e8
fffe
e173
8492
fe81
fe7a
00cf
00d6
0ded
05d0
9248
ff63
00cf
6340
00b0
308e
8684
0003
0009
a414
ffa9
2cff
2556
a0bd
00a8
ff90
35b3
e140
3fff
3747
00c9
783a
a856
8b58
9a20
2401
00e8
fffe
e173
8492
fe81
fe7a
00cf
00d6
07ed
05d0
9238
0003
000b
6883
0518
ea67
3fff
4d8b
0047
242f
48aa
5220
2c00
148a
00a2
9200
0157
88b0
0eb1
0003
0024
fffe
6073
5471
5c18
a20d
00bf
e8a4
876f
85be
fe81
fe78
00cf
00d6
01ad
e5d0
3ff9
035b
00b4
c001
f602
2cff
0634
fe1b
00e1
7bc9
c038
53fa
b3e8
ec23
00ec
63a1
d28d
7e1e
87f0
0143
0050
8800
c8ba
48dd
37f9
0000
0060
ff90
35b3
0a40
fe81
ff60
00cf
6270
0470
53fa
d632
f282
00cf
ac8e
3dd1
0884
2280
0347
0080
ffd8
9e33
1818
7a00
a001
00c8
00cf
10a0
8b58
3ffd
f803
0001
2800
ff3a
7cff
207f
8146
00b5
a000
0017
4ca5
000d
ff62
00cf
6286
ffa0
00df
2940
034b
0080
6120
254d
eeaa
fe82
fd04
00cb
634d
d060
7cbf
0627
83c6
005e
103f
0032
2fc0
7f8e
2245
0060
c021
b95b
2cbf
700a
2e8e
0058
0002
1402
0882
3780
0610
0054
7c40
3838
cbfa
68b5
fc39
00cf
12b0
8022
13fa
2080
4218
00d4
1001
0002
0886
2200
beee
005b
4004
0057
1886
2200
bede
005b
ffd8
9eb3
5818
aa80
fff3
00cf
7fff
5862
65f8
aa80
8483
0035
2021
e618
ccff
1002
dc8a
003f
ffd9
c533
9c18
3ffd
8c63
0001
ffd8
c733
8c18
3ffd
548b
0001
0323
88af
13c0
f012
8092
0035
a051
002b
1888
7e05
6001
0088
ffda
44b3
1415
a980
6009
006a
9001
009a
16a4
a880
8b07
005f
8802
0c5a
260a
6948
1088
00ae
e081
8817
135a
8203
6641
008c
1110
2403
18c2
a108
4000
0089
f044
8017
1bfa
fe94
bf1e
005b
2941
e08a
28df
4005
0001
0000
777e
e423
6cff
200d
eb00
00ed
ffd8
9c33
b018
d604
ca54
00e6
7ffe
8003
163f
9144
a060
003f
1198
1095
3245
9148
46c0
00d4
0441
1089
4a41
9148
fdca
00c2
0072
c8c3
ecbf
0251
fc8a
00cb
4809
41f0
0884
788a
fdc9
00c2
004f
41c2
988e
2ffb
2023
00c1
e8a5
0030
0102
8000
01dd
005d
0482
c8c9
ecbf
0251
fc86
00cb
4809
41b0
0884
788a
fdc9
00c2
006f
4180
988e
2ffb
2023
00c1
e863
0030
0102
8000
c611
0066
1000
0302
0884
7860
0001
0060
1184
4555
feb7
6810
a009
003f
d915
0c3a
c5e1
7405
4665
00d4
0442
20c9
ea41
5119
6655
00eb
1000
1062
25e2
0bf7
0153
000c
0484
c849
9cbf
0480
441b
0088
1000
1822
55e2
ada1
fc83
00cb
251e
3c60
65e2
2090
fee2
00cb
4808
18e0
0c3a
4080
010c
005d
dc95
2a3a
25a0
fe80
0102
005c
d895
0c3a
05e1
8000
7455
00eb
80a1
0096
03fa
feb0
46dc
0054
80e4
0096
5bfa
7003
6455
00eb
8430
0017
2600
9044
120c
0024
1190
c855
9cbf
0480
441b
0088
1000
1822
55e2
ad99
fc83
00cb
251e
3c60
65e2
2090
fee2
00cb
4808
18e0
0c3a
4080
007c
005d
df95
603a
25a0
fe80
0072
005c
d915
0c3a
05e1
8000
1211
00a4
1191
c855
9cbf
0480
441b
0088
1000
1822
55e2
ada1
fc83
00cb
251e
3c60
65e2
2090
fee2
00cb
4808
18e0
0c3a
4080
001c
005d
5800
0572
8c00
6816
a009
003f
d915
0c3a
05e1
87f0
eb03
00ec
7702
1423
2500
37f8
a102
003f
0000
0018
0000
0000
0000
0000
777c
ffa3
48df
6004
d805
00e3
7ec0
a01b
8e3d
fe81
4024
0088
ff9c
35b3
0b40
7801
02ad
0054
ff9c
35b3
8b40
3ffd
89c3
0001
1000
6ac2
5358
9b09
0001
0060
042d
088a
0221
feb0
2210
00d4
0802
d0c2
25bf
fe80
c254
0066
0000
0898
0241
8000
2219
0054
eb00
006f
6882
5119
fce5
005b
e802
000f
0600
5119
c255
0066
1000
0842
c241
2ff2
2027
00c1
ff20
47b2
0809
7829
43fd
0088
8200
3fd7
8882
2ffb
2023
0081
eb39
0030
8042
3ffd
8d0b
0081
7b01
b038
0ecf
fe84
ed00
00e1
7704
1423
2500
37f8
8682
0035
8000
001a
0000
0000
0000
0000
ff90
35b3
8000
3ffd
89c3
0001
6000
b80d
3cbf
000d
0000
00c8
00d2
0041
0240
9000
0000
00c8
00d2
f420
4cff
000d
0102
005e
0080
0c39
05e0
4005
1085
00a8
8000
1017
0e80
7803
0001
0000
777e
8b23
059c
8f60
4003
0008
e818
002f
4082
fe80
06ca
0054
0800
6122
059c
2180
4000
0088
eb00
e70f
6cff
100d
ff62
00cf
6272
0100
0bfa
feb0
049e
0054
6020
002d
0084
8000
0201
00e4
1800
cf62
c5bc
3ff9
035b
0084
ffd8
9cf3
4018
fe80
ac02
00bf
011a
0815
1b58
2100
6000
0008
0080
cc39
c5bc
3ff9
035b
0084
ffd8
9c73
4018
fe80
ac02
00bf
010e
0815
0b58
2100
0000
0060
0080
3739
45bc
fe80
ac02
003f
0800
60c2
6548
6f09
a011
003f
f780
f62f
6cff
060a
ec02
0061
ffd8
5fb3
0c15
f000
0000
00ea
0100
142f
2500
3770
a202
003f
8000
001a
0000
0000
0000
0000
777e
a123
059b
8f60
a061
003f
eb00
006f
0882
6f08
a035
00bf
bf70
2a30
c8c0
3ff9
035b
0000
ffd8
9c73
8818
670b
8001
00b5
eb00
200f
1e40
2100
fe70
00cf
00d6
f621
ecff
0633
a034
00bf
eb00
dc2f
8c2f
2009
8080
00b5
1800
0002
0600
8408
ca7b
0059
0000
2058
2bfa
fe8a
fe70
00cf
00d6
f621
3cff
0627
a034
00bf
eb00
dc2f
8c2f
2008
8080
00b5
1001
0042
0086
9008
cb7b
005b
ff9c
35b3
8840
3ffd
89cb
0001
e80d
c02f
0bfa
0bf7
01ef
0008
6020
002d
1084
2180
0200
00e4
f2d1
0356
4bfa
200b
258e
005a
ff9c
35b3
6840
0bf7
01bf
0048
eb00
f62f
0cff
0634
8080
0035
0080
fa39
c5bc
3ff9
035b
0084
ffd8
9c33
d018
fe80
200e
0008
6020
c02d
0bfa
0bf7
017f
000c
74fc
b816
0cbf
300d
fb80
00cb
00ce
e702
6cff
100d
ff62
00cf
6340
0340
3bfa
2080
8080
00b5
eb00
dc2f
0c2f
3005
0400
00e4
f405
e716
6cff
100d
ff62
00cf
633e
0340
3bfa
2080
8080
00b5
eb00
dc2f
4c2f
3004
0100
00e1
7821
0016
2600
fe86
a10e
003f
ff9c
35b3
8840
3ffd
8cfb
0001
e80d
4def
0540
d602
ac02
003f
0000
2018
be40
6f86
fe71
00cf
00d6
f621
ecff
0633
a034
00bf
012c
0815
0b58
feb0
0000
0060
0080
2639
05be
2680
fe72
00cf
00d6
f601
ecff
0633
000e
0008
eb01
47ef
355a
2100
8082
0035
0000
6018
fe40
6f95
a001
0089
ff9c
35b3
8040
3ffd
8cff
0081
eb00
080f
2b58
5691
6005
0088
1001
0002
0600
9008
c28b
005b
e80d
c02f
13fa
2080
4006
0008
6987
4ed5
d5bc
fe80
ac00
003f
6983
b6d5
05bb
2680
ec00
00e1
e9a0
c0af
28dd
4005
0001
0000
e817
ee2f
b5bb
3ff9
035b
00c0
ffd8
c533
8418
3ffd
89c3
0081
5000
8002
2bfd
7e05
040d
00bc
0004
184f
0cb0
0001
0000
0060
0421
0009
c600
5088
0061
00e5
5187
ff95
7887
64ff
2015
0008
1000
0142
05d0
2100
3fca
0059
1ffd
0142
1082
a294
600c
0088
72dd
b816
0bfa
2200
4000
0088
0803
0102
0bfa
feae
200c
0088
1001
00c2
5886
5218
8001
0088
f2d1
0116
03fa
fe88
014a
0050
776a
fc23
40df
8f60
c03b
008d
497a
0616
0bfa
ff61
0000
0060
7847
3e38
0600
8f08
e121
00e1
4899
2056
ae3c
3700
2808
00cc
c000
2062
563e
8784
0007
0008
f080
3138
6592
8784
c205
0063
b000
592f
0592
ff60
e022
000d
0000
1118
2e1f
3701
c200
00e3
7c85
b878
d591
30a3
51ef
00b8
f880
4078
e63c
309f
eb87
0091
f881
1258
ce1e
3780
c200
00e3
4365
1296
161e
8f08
f119
00e1
0001
2082
7e3c
87c4
c20d
0063
7842
2098
3e3e
8784
e20d
0063
7c42
2838
0592
8f08
f10f
0061
f081
0018
48b2
87b0
dc5b
008d
0050
f014
0bff
37f9
0000
0068
ffd8
d333
0015
d600
0000
0064
0000
0818
09a0
2080
0142
0050
ff00
200f
0680
0000
0000
0000
ffd8
dc33
1c15
b842
8884
0035
4440
0018
3600
4804
300a
0012
0c44
e408
2cff
1001
0203
00e4
8840
f617
0cff
056e
2003
005e
6221
002d
15e2
d620
2002
005e
1000
0c39
05e2
4005
1001
00a0
8800
0017
0e80
7883
0001
0000
e80b
f62f
ecff
0575
8ad5
00b5
777e
4003
1654
8780
fc09
00cf
ffff
4102
a3ff
5118
4003
0008
7000
043a
1580
a704
a581
003f
5000
2019
0650
fe40
0088
001e
ffd8
b833
1415
d62b
4000
00e4
0050
c094
00dd
8004
8002
0068
777e
40e3
23ff
9e08
6003
0088
ffd8
dc33
2415
b844
0001
0060
8042
0004
7600
5118
fb85
00cb
ffff
0002
2600
5804
0000
0060
1185
1855
2283
88c4
0000
0060
11f2
f615
0cff
0577
1887
002e
6221
f66d
acff
0573
4400
00e4
6431
000d
a644
7004
0000
0060
5188
6015
8cff
2000
a082
00bf
4f0f
0016
00dc
8000
0041
005d
fd80
0833
0880
fe82
3c22
0059
7000
0003
0600
9e00
5049
002e
8020
0026
d082
a000
c002
0069
ff01
000f
0644
a700
8001
00e7
7702
0003
1082
fff0
0142
0050
1000
0019
0686
0000
0000
0000
0001
d022
9cbf
047e
fd00
00cb
47ea
d000
bcbf
047e
fd00
00cb
47ec
0960
0580
2000
fd02
00cb
4805
d000
6cbf
0480
fc80
00cb
47e6
1160
45a2
5018
0001
0088
0801
3b62
25a2
4005
0001
0000
ff22
0372
4c08
2080
fff0
00cf
200d
f624
4cff
048b
a0d8
0004
8061
d06a
dcbf
0200
fd97
00c2
d04c
ee56
4cbf
048b
5fda
0008
ffb8
2db2
1c12
2000
0000
0000
ff21
f9f2
1811
2280
ddc2
000d
7ff6
8163
163d
9086
da12
0063
ff22
fa32
4811
b7f0
18c7
005e
7ac6
003b
1884
7860
2215
0092
7b47
807b
15e1
2ff4
1fa3
0081
00f2
2138
9c3a
3064
fdc8
00c2
0140
a0f1
16df
2ff2
86cb
00c1
ff21
fb72
0011
8000
3189
00a4
0841
f60a
ecff
047e
fdc4
00c2
0134
d071
dcbf
047e
3374
005a
0800
6a22
2584
3788
ff60
00cf
44d2
00a0
1080
2ff2
82a3
0001
0000
0018
469e
510a
fc85
00cb
6285
0000
2600
9086
2106
0024
0000
6098
6544
5189
fc85
00cb
635b
0000
2600
9086
2106
0024
0000
6098
e544
5188
fc81
00cb
60a5
ffe0
8883
3ffd
82a3
0081
8411
c856
3cbf
047c
0036
005c
0000
1058
1a82
2ff4
1f0f
0001
ff21
f832
0011
8000
2105
00a8
ff41
f832
0011
2c00
6002
000b
ffdc
9c33
e818
3ffd
55fb
0001
7584
f763
bcff
047e
0002
00c4
00db
f702
6cff
060a
ff7b
00cf
4000
6550
0660
8000
3109
0024
0c83
6149
4544
90c4
8612
0054
bf71
3170
8040
2fee
0347
0088
ff20
fbb2
ec11
600f
e20d
00e9
fdb0
000f
0884
feb0
fba4
00cb
fffa
f53a
4cff
600a
2002
000b
7386
0063
16be
d7ba
0002
00c4
0031
2882
28c2
b7c4
f109
00ec
6102
0099
20dc
2c02
0153
0080
7c42
885b
9e0b
510a
ac83
003f
604d
5b38
0580
8f08
e201
000d
f180
0019
1084
feb2
6228
00d4
eb00
40cf
05a5
a780
e203
008d
0162
1356
0e18
feb2
c200
00e3
7002
4003
067c
8000
0001
0060
1192
6095
0678
8000
fb9d
00cb
ffff
8c62
05e1
8000
2191
009c
8601
1417
3a24
a708
1907
005e
e103
0019
f600
a393
e207
00eb
e842
9270
10c4
a672
cc42
000c
f101
0019
2600
ffdc
42dc
0054
8842
053b
e086
3107
ee84
0035
11b2
1075
325a
8780
fff3
00cf
1014
0063
15ec
2fef
008b
0080
0c61
006a
c5e1
b802
0922
00ae
fef1
1db2
5840
9811
2211
00a0
1100
3f9a
2e84
9084
fc84
00cb
47e4
0c30
c5e1
5101
3205
00a8
ff42
f932
0811
7844
0001
0060
2000
c039
c883
6837
ff51
00cf
00a4
0026
98b2
7f04
8409
0065
eb00
c84f
43fa
5108
4003
0008
94b4
0016
169e
a672
cc42
000c
ff21
f8f2
0011
8000
2105
00a8
ff41
f8f2
1011
bb42
ff62
00cf
60ac
4570
1e60
7b01
8885
00b5
ffd8
f133
1811
7b00
2109
00a4
0400
d07b
1bfa
7b03
4201
00eb
6220
20a9
18de
7843
ac01
00bf
90d1
0016
ee9e
5008
0455
0066
0000
18d8
4242
9084
6608
0054
1087
4015
0668
8000
1015
0029
1083
70d5
05b6
ad00
4401
0066
0000
0018
8600
5109
0455
0066
0000
1098
2242
2ff2
1f8b
0081
8430
0457
1544
a106
fd06
00cb
47e2
1030
05e1
8000
fba5
00cb
fffd
ffe0
0883
ffd9
0cd6
005a
ff21
f872
0011
8000
2105
00a8
ff41
f872
8011
2fee
0347
008c
f103
0019
2600
60c4
6000
00eb
8430
6157
0576
9b10
0001
0060
d800
2082
1544
2d80
8c04
00a9
ffd4
35b3
1200
3660
7606
000d
5501
2063
60d3
3ffd
02a3
0074
ffd8
9c33
4c18
3710
625e
0057
f049
1857
8ee2
3098
441e
0064
3180
1899
09e2
3ffd
035b
0044
0862
2028
1686
2ff2
1fa7
0001
0000
00d8
5080
5108
65f5
005b
1000
d062
9cbf
047e
ec14
00e1
3e83
d11b
4e1e
b3f0
eb19
00ec
7f8a
d1c3
0ece
3771
014a
0050
ff21
f9f2
0011
8000
fc81
00cb
47ee
0030
0880
7844
0101
00e8
8430
2097
a544
68b9
0149
0050
e804
0a6f
63fa
fe84
fe42
00cf
00d6
02c0
8b88
3ffd
89c3
0041
f601
f6af
5cff
0480
ff69
00cf
627a
44a0
83c0
3ffd
1fbf
00c1
fd03
918f
5b5a
f041
8810
00b5
1087
e543
08c4
2280
ff64
00cf
42a5
0020
0886
1000
01b7
002c
3801
0022
0090
9150
a201
00bf
ffff
1bb3
a4e7
7a9c
2000
0008
bf75
18b0
a040
6f6c
0229
0054
7500
0019
4600
9296
a50a
0024
0000
6098
3554
5588
4005
0089
4003
0017
0094
fe88
2006
0088
f6be
5b56
8283
8ad6
0000
0060
588a
6015
0649
8000
025d
0050
28ca
01e8
a5d0
4a00
0016
005c
28ca
0008
0600
2500
0000
0060
bf75
10b0
0040
9550
f61b
00cf
fff7
6094
a22a
7254
1602
0065
c294
5a8f
016a
8000
44dd
0055
e9cf
000f
0600
9300
8203
0065
0000
1c18
0bbc
a180
5401
00e4
9831
0017
a600
3ff2
0403
00a8
9801
02d7
0a0a
a1ac
6107
005e
1500
0c79
45e6
915a
4a10
0085
3040
007a
a5e6
8296
6a02
00e8
9841
4017
0e45
9378
fd8b
00c2
6822
600c
1e45
79a3
4e11
0085
ff2a
4033
1a80
7981
6a11
0085
282b
d8a8
2c2f
d642
a7a8
00a0
1a80
5afa
0a0e
a32c
0d63
00c3
c249
401a
1e45
79a3
9601
00e5
9a31
a117
1854
79a0
a5a9
00a0
3280
907a
15e6
a14a
4406
000c
2a81
8063
10c8
a0c6
0148
0050
777e
4123
6bff
5001
8209
00e7
fd13
000f
1600
9000
0000
0060
00a0
00b5
0080
af00
c003
008d
ccc2
0016
a678
7001
fff9
00cf
0781
ffb0
1cff
0059
fff9
00cf
01a1
0030
2686
a054
6002
0009
ff50
002f
0880
64e3
1601
00e4
ffd8
2d33
a012
2ffb
22d3
00c1
0802
ff82
1cff
2c7b
fffb
00cf
c5c1
ff92
1cff
2c1d
6003
0068
7702
1823
09c2
a200
014b
0050
777e
4123
6bff
5001
8209
00e7
fd13
000f
1600
9000
0000
0060
00a0
00f5
0080
af00
c003
008d
cc96
0016
a678
7001
fff9
00cf
0781
ffb0
1cff
0059
fff9
00cf
01a1
0030
3686
a054
6002
0009
ff50
002f
4880
64e0
1601
00e4
ffd8
2d33
a012
2ffb
22d3
00c1
0802
ff82
1cff
2c7b
fffb
00cf
c5c1
ff92
1cff
2c1d
6003
0068
7702
1823
09c2
a200
014b
0050
e680
2479
1540
9006
fc84
00cb
251e
4220
0880
2ff2
2027
00c1
86a0
4657
8546
2190
fee2
00cb
4808
0870
0c3a
3080
0000
0060
4022
0017
7882
64c8
fff1
00cf
fbff
0003
0884
fe9a
0008
0088
8561
0016
f882
64c7
fff1
00cf
fbff
ff03
0cff
2040
a682
003f
0000
04a2
05d0
2080
31da
0059
fffc
fff3
00fd
2100
a682
003f
0002
5422
05a1
2080
31ba
0059
fffc
fff3
c0fd
3fff
2003
0088
e9a0
000f
2080
4005
0001
0000
e180
2479
1540
900a
fc88
00cb
251e
4220
1880
2ff2
2027
0081
8aa0
4497
854a
2290
fee6
00cb
4808
10a0
0c3a
5080
0000
0060
4011
8617
3ae0
64c5
fc85
00cf
1f00
00e2
c082
3fff
83ff
008f
e860
000f
8880
7400
a181
00bf
4c49
00d6
5882
9845
7f80
0008
0000
1482
0500
0000
0000
0000
e001
6379
9540
b822
0862
002e
ff22
8033
1880
3ff2
0403
0084
4ca4
0896
fa02
21cf
200c
0008
4009
88d7
2ae0
b821
4220
0084
0844
2661
2593
8082
7fce
0008
080a
1482
0500
0000
0000
0000
e80c
802f
0cc0
0008
609c
00ae
983e
236b
5593
ee10
200e
0088
ff20
b272
201f
fe94
7dfe
0008
fffc
fff3
48ef
64c8
2005
0088
ff20
b272
201f
fe96
60ec
00ae
0040
0233
3000
b982
fc82
00cb
7ec9
1ea0
5593
ee10
2002
0008
e942
fdef
c087
3fff
dfff
008f
bf65
1cb0
05b3
2080
fc82
00cb
7ec9
5880
03fa
0000
0000
0000
0000
5622
2593
2080
ff62
00cf
48b4
c960
3cbf
0200
fee9
00cb
48b4
ff30
3cff
a200
b048
00a6
0052
0014
0000
0000
0000
0000
0021
0009
d600
5099
0149
00a6
4bed
0096
c082
21ff
fff2
00cf
2001
0140
7880
684c
fc85
00cb
2003
0130
c082
3fff
800f
0088
ffd8
2d33
3012
3ff2
e3ff
0097
ff42
00f2
5c08
0bf6
34db
005b
ffb8
2d32
cc12
3fff
e3ff
0013
ffb9
2db2
1812
2000
fc84
00cb
2003
0130
c082
3fff
800f
0088
ffd8
2d33
3012
3ff2
e3ff
0003
ff40
8033
2940
2ff4
800f
00c0
4d20
ee16
4cbf
048b
fff3
00cf
f8ff
ee44
6cbf
048b
0006
0008
0005
2722
25a1
2ff2
800f
00c0
0804
ff02
3cff
4200
ff62
00cf
48b4
0f00
104a
a806
fd06
00cb
2003
d970
ac2f
6cd0
fee5
00cb
48b4
ff20
8085
2ffb
22db
00c1
0001
0002
0000
0000
0000
0000
e805
092f
0bfa
9e08
0005
0088
e846
208f
0920
480a
201c
0020
ff21
47b2
1809
2ff2
2027
00c1
0108
a862
85e3
5392
6421
0088
ffb8
0232
3c12
0e86
2007
001c
0000
6458
354a
b8c0
802e
0054
ff20
0e33
0080
8000
a081
00bf
4b89
fe16
2087
fe8c
2002
0008
4015
0817
3bfa
64b8
7f1d
0008
0800
0402
35d0
b8c0
802e
0054
ff20
0e33
0080
8000
a081
00bf
4b79
fe16
2087
fe8c
2006
0008
4005
0817
3bfa
64b7
7f1d
0008
0801
0002
2080
4005
0001
0000
fffc
1a33
db88
fe82
fff0
00cf
2060
132e
0bfa
7800
a209
00bf
4b51
0016
0082
fe9c
f096
003f
e962
d32f
0592
fe9c
2004
0008
9813
806b
12e6
3ff2
01e3
0084
0006
d961
ac2f
6cb5
1009
00a0
e9c0
e04f
2887
2080
0000
0000
fffc
1a33
ea88
3777
fff8
008d
fd03
ff0f
0cff
a206
0002
005e
7000
c923
4592
2000
c000
00eb
e941
400f
0678
3780
25fc
00a6
c42f
504b
63fa
511f
000f
0008
f800
c63a
05b2
9f00
dc0b
000d
0050
e0b4
10df
ffa0
e2c2
003f
1100
0020
0626
0000
0000
0000
fd80
4033
10b7
3fee
0403
0004
777e
6143
0542
2080
c002
008d
cb06
0116
05d0
2080
c002
008d
cb66
0016
2e78
3770
014a
0050
e000
d979
0c2f
6cb2
7efd
0088
8026
c88b
0cff
2004
200e
0008
e000
d979
8c2f
6cb1
7ff9
0088
e802
000f
0082
0000
0000
0000
e824
186f
23fa
9006
0000
0060
198e
1855
0a40
2001
fff0
00cf
1010
1860
1a44
7860
0005
00a8
6107
806f
25e1
fe82
2002
0088
bf65
bbb0
65f2
9843
fd96
00c2
caea
41d6
cbd8
3fff
8143
0000
e822
002f
0082
0000
0000
0000
e822
08af
e240
3777
fffa
000d
fd04
44ef
4bff
5099
2041
0088
0001
b269
c592
3fff
4043
0084
7000
0063
15e0
a042
0002
0088
f000
007a
05e1
9e00
0047
005c
0000
0e18
8a60
bc00
8002
0068
7800
ae23
0592
2000
e000
00eb
fffc
1433
0048
9f00
0001
0060
8036
0229
0af0
a200
dc09
008d
7f82
1023
2e86
4005
0001
0000
0022
4169
43ff
ffd1
f48e
003f
099a
0495
1894
9000
fff0
00cf
1012
002a
1896
7800
fd41
00bf
0000
0662
0593
9058
ff63
00cf
48b4
ee80
4cbf
048b
200b
0008
ac51
ffa9
1cff
2c11
007b
005c
fffe
c873
ecb1
3fff
0cc7
004b
fffe
5073
04b2
2000
301a
0059
0802
f622
4cff
048b
fc96
00cb
2051
ee90
4cbf
048b
fff3
00cf
2051
144a
ea6b
3fff
0447
004b
fffe
c873
ecb1
3fff
0cc7
004b
fffe
5073
04b2
c002
a002
00e8
0050
1014
0688
a190
0001
0000
0100
0019
0600
2180
9092
00bf
8411
c457
1bff
7840
4001
00e4
8431
0857
19e0
7840
4001
009e
8401
0017
0a01
a080
1107
005e
8000
0c7a
25e1
4005
0001
0000
8035
02ab
c3fa
fe82
2b9a
0059
ff23
0833
0880
2080
7f7c
0088
fffc
c033
8008
b940
5046
002e
a0e0
4033
4880
b940
6048
00ae
e9c2
000f
0ce8
4001
a70e
003f
f019
b52e
2592
8494
2002
0008
1eee
ff22
0cff
0231
600c
00ae
9412
52cb
0a0f
3a10
0023
0010
4163
b228
2592
80e6
2006
0008
1ef0
ff22
0cff
0231
fff0
00cf
2310
b060
2592
2080
7fe0
0088
4562
ff08
0cff
0231
2aee
0059
0803
ff02
fcff
37ff
50be
002e
9443
0d2b
82e6
1210
6342
0004
1063
ac28
2592
80d6
2012
0008
1fe4
ff22
0cff
0231
50d8
00ae
9409
078b
0ae5
3120
0803
0000
ff23
1033
8b00
ee02
060c
00a1
4aa1
7896
0a03
2080
76f4
0088
fffc
c433
7008
b943
5132
002e
ff23
2033
4ac0
3ff2
4003
000c
4564
60e8
4a03
64a9
4189
00a0
fffc
c033
c008
3fff
bcff
008e
0804
0102
b882
64a8
7dfd
0008
e962
ff2f
0cff
0231
2a84
005b
5083
c815
b880
682f
0149
0050
777e
40e3
cbff
64a2
c001
008d
0805
ff02
0cff
0237
c002
006b
e000
1439
2500
3770
fff8
00cf
01e1
0030
0686
0000
0000
0000
0461
0869
0240
2000
fff0
00cf
1000
8060
95e0
5198
106d
00ae
4a01
c856
0cff
2080
2000
0088
fffc
fff3
80fd
7400
1069
00ae
49f9
c856
0cff
2040
2000
0088
fffc
fff3
20fe
4005
0001
0000
fffc
cc33
1a88
900c
fff0
00cf
2380
30aa
1a41
78c0
f651
00cf
0020
9b74
1ae1
78c0
a031
00bf
e84f
1acf
ebfa
fe88
fc98
00cf
2000
9262
0592
fe94
fff2
00cf
dfff
0083
d882
fe8a
e64c
0055
9a65
902b
6592
3ff2
0083
0088
0805
f7c2
0887
fe94
203c
0088
4a39
ff96
2087
fe96
a502
003f
080e
8d22
e592
21ff
a708
00bf
e940
078f
75d0
b966
f652
00cf
0050
6260
f558
21f7
28aa
0059
080f
c982
0cff
2008
6814
00ae
9611
300b
0ce8
2002
288e
0059
e982
f7ef
2087
2080
a502
003f
080f
8722
d592
21ff
a688
00bf
e940
184f
7ae7
64a1
c209
0084
080e
ff42
0887
fe94
fd94
00c2
ca2d
0017
0000
0000
0000
0000
e805
042f
1080
914a
1306
0024
fffc
0433
1804
90c6
2806
005e
0001
806a
25e1
5319
1089
0024
0000
2758
a542
5118
4153
0026
8818
652b
1592
3ff2
3c03
0008
0804
ff22
fcff
3f0f
004c
005d
1ff0
0122
c882
6c98
003d
005d
8814
42eb
1544
3ff2
03c3
0008
0000
ff18
fcff
30ff
260e
0059
0804
0b02
42e2
7400
2011
0088
1f0f
5f62
25b2
4005
0001
0000
777e
1043
da40
5100
0043
0008
fffc
0433
1804
7840
0001
0060
7000
2b3a
f59f
a040
df58
00c9
0001
018e
05d0
a700
f1eb
0059
040f
f58a
1c9d
e000
dc08
008d
0052
0014
0000
0000
0000
0000
1001
0322
2088
4882
fff2
00cf
2350
01c3
1ae1
9004
8010
0088
ff20
2033
0800
7820
fff1
00cf
2330
20a3
1a00
7840
26e5
0059
1f73
1822
23fa
2080
fd94
00c2
c9d1
0017
0000
0000
0000
0000
777a
5be3
0280
2080
ffea
008d
4922
ff16
0cff
1100
a046
00bf
9600
0017
0880
3700
c002
006b
e200
ff39
0cff
a233
200a
0008
fffc
e033
0a88
3780
5802
005e
fffe
e073
9c41
bc82
2522
0059
fffe
e873
ec47
3fff
96c7
00c4
f800
501a
4bfa
a78c
c217
0069
f100
4f39
1592
3700
203a
0008
fffe
f473
1c29
af00
a503
003f
e601
4d39
0592
fe94
e006
000d
f801
03fa
1082
9f68
6001
0009
ffff
03f3
ff4b
3fff
b0bb
00f4
8913
3bd5
faf0
bc4c
0b7c
00af
c74f
008b
38dc
6492
f651
00cf
0050
0080
febc
2080
8408
0067
0000
ff98
1cff
0977
2009
0088
4919
0096
48de
3fd9
0083
0050
e940
00af
26be
9f10
244b
0059
7003
03a3
e082
3fff
bf47
00c2
f003
503a
33fa
9e80
242b
0059
e940
00ef
30de
af80
203f
0008
f883
0019
f088
3fff
c0bf
00f4
ffff
03b3
3f4c
5891
143d
00af
c11f
dbcb
faf1
bc35
c010
008d
48f9
6516
0cff
0005
c010
00eb
080f
4102
0678
8000
fff9
00cf
8971
0310
aae2
ba01
b8b4
00ae
ac3b
616b
2678
ef01
8822
00ae
f104
8599
9ae7
baa6
11dc
00ae
a42e
0c0b
4bbc
b966
71c8
00ae
a685
a4cb
eae6
3fff
8bc7
0071
10a3
d0a8
33bc
8086
008a
0020
0c43
28a8
2204
80c4
a0c6
002e
0c42
c1a8
08dd
4005
2601
00a0
7f86
0003
0600
0000
0000
0000
fd03
002f
9e78
7f10
3105
00ee
0141
002a
1882
6c8a
3105
00ee
0800
5022
dbfa
6c89
a005
0028
0052
0014
0000
0000
0000
0000
ffd8
ac33
0010
d601
a00a
003f
0080
0019
3678
4008
2001
0088
1ffe
2862
05b2
2000
010a
005d
8418
272b
1592
3ff2
0403
0008
0800
bfe2
0087
2000
00ea
005d
8432
046b
42e1
118c
210a
0084
4892
0856
8a03
21ff
1108
00a0
0801
0002
f880
7402
1055
00ae
4889
c856
0cff
2002
2000
0088
1fdf
0002
7880
7402
1049
00ae
4881
2116
0042
2080
7fee
0008
0000
0822
35d0
b841
21ea
0059
0888
0001
7882
21ff
0000
0088
4019
0517
3ae1
6487
2241
0004
0800
fbe2
0087
2000
004a
005d
8411
1b2b
2592
1088
2000
0088
1ffd
0002
b880
7400
fc81
00cb
4809
c870
ecbf
0251
0420
0008
1908
ee22
8cbf
0480
0903
005e
0052
0014
0000
0000
0000
0000
e080
b839
0cff
5002
fc88
00cb
251e
4220
1884
2ff2
2027
00c1
8aa0
0417
854a
2290
fee6
00cb
4808
18e0
0c3a
5080
0000
0060
801a
082b
8bfa
6484
fc85
00cf
7c00
00a2
c082
3fff
0fff
000e
1000
1002
2bfa
4005
0001
0000
777c
ff23
40df
9e50
f40f
00bf
4816
0016
5ebc
2000
a504
00bf
7000
6003
fe79
6480
0011
0088
7800
0003
1ebe
fe94
c400
00e7
f001
01fa
1080
fe94
201a
00d9
f8b2
884f
1bfe
3700
4484
0080
9880
6058
fe79
647f
0019
0088
7801
0043
1ebe
fe94
c404
00e7
f002
027a
1080
fe94
1fda
00d9
f8b2
884f
2bfe
3700
4484
0080
9881
6098
fe79
647e
0021
0088
7802
0083
1ebe
fe94
c408
00e7
f003
02fa
1080
fe94
1f9a
00d9
f8b2
884f
3bfe
3700
4484
0080
9882
40d8
fe79
647d
0029
0088
e941
00cf
3ebe
3780
c00c
00e7
7704
1403
4d00
37f8
e804
00bf
f8a0
400f
3804
8980
0001
0000
e802
002f
5886
0bf6
1fd3
005b
1900
0022
0882
9e00
1007
005e
0862
bfa8
0087
0000
0000
0000
777e
f123
2591
9e00
2003
0008
7000
40e3
03ff
9e10
ff63
00cf
54fe
12b0
15fc
b8c0
0001
0060
8001
800b
0358
8400
0001
0060
8441
ffc7
0cff
4040
9807
0060
7702
14a3
0500
0000
0000
0000
777e
02a3
23fa
9e58
f40f
00bf
47aa
0016
0082
fe96
c002
000d
ffd8
3fb3
d815
4154
2605
0060
0000
0058
12e0
d600
1100
0061
e100
ffd9
1cff
3844
9183
003f
8461
1027
01e0
8040
c002
0069
e100
0039
0882
fe96
1e92
005b
7702
14a3
0500
0000
0000
0000
fffc
c833
5b08
ffc1
0084
00a4
0401
ff09
0cff
c237
2022
0088
8201
60d7
1a8c
7800
a601
00bf
c7c9
0256
7882
647c
a601
003f
ac59
0289
3882
647c
a601
003f
fffd
c9f3
5545
0bf6
207b
005f
777e
0ce3
13fa
fe84
fff2
00cf
2320
0bb2
1580
9004
a982
00bf
77d6
0032
c380
3fff
8dc3
00c8
7481
007a
c5e1
5988
2015
0088
47f1
7fd6
0087
2120
a902
003f
0805
fb22
f591
21df
4000
0088
ea40
00cf
25b2
3770
014a
0050
e803
87af
c2e0
b844
0002
0008
ff21
0033
1890
90c2
fff0
00cf
1000
c920
0cff
1100
0806
005e
bf65
dc30
05b1
2080
208a
0020
fffc
fff3
00e3
0000
0000
0000
e80a
0b2f
1bfa
9e58
0115
00ae
8054
048b
3ae0
b800
9180
00ce
0020
0030
8ce8
4000
50d8
00ae
e8e4
014f
1bfa
b948
526c
00ae
3840
00b3
3000
3ff2
0103
00b4
f322
00ce
7a01
ee47
4190
00a0
19a3
1948
6a05
8394
151c
00a0
e960
ed6f
8591
ef23
2002
0008
ea02
f02f
1087
2080
1eba
0059
1f82
8882
0bfa
fe96
600c
00ae
981d
400b
8cc4
0000
50ea
002e
e020
11ee
42e5
b985
a79a
003f
e827
c8ef
0cff
8040
fc90
00cf
0080
3429
704a
ef34
300e
00a0
479a
7096
0a03
fe96
fff0
00cf
f3e7
00e3
0082
fe96
1e4a
0059
0805
ff02
fcff
3df3
f68a
0020
bf65
ea30
05f1
0000
0000
0000
e80c
c82f
15be
5009
0085
00a4
fac1
890f
7340
3c11
ffa3
00ff
0994
ed95
0cff
1d6c
008a
0024
0023
8e09
db48
5098
eb01
00bf
0909
0095
0340
8000
eb01
00bf
0007
0097
7340
3c01
ff77
007f
c017
f773
47ff
f988
8482
00cf
0001
2040
0201
8000
260d
0054
08c1
0014
2600
4005
0001
0000
0084
1095
a504
2000
ff6a
005b
0052
0014
0000
0000
0000
0000
fc15
00ef
8bfa
5009
0005
00a4
0802
0002
c084
5019
fff3
00cf
2001
1080
2243
2ff2
947b
0080
ff20
0272
8c12
2010
1282
005e
1118
4215
988a
2ffb
2023
0081
e821
0030
0082
8000
0069
005d
0802
b722
3591
21ff
4000
0088
fffc
0073
a008
2ffb
542b
00c1
0000
04e2
f5d0
21fc
1b4a
005b
ffba
4332
0c15
2000
0036
005d
0802
b322
f591
21f3
4000
0088
fffc
0073
a008
2ffb
543b
00c1
0000
1482
0500
0000
0000
0000
777e
0323
0580
3700
0004
0088
e801
610f
0540
8784
0003
0088
ffc6
c096
28dd
4005
0001
0000
00cf
e4ca
6cbf
048f
fe4e
00cb
6098
8560
5bfe
ffa1
3482
005e
4908
4222
0892
78c2
3295
00b3
cca4
082c
05e3
2480
a296
00c3
0000
0006
0892
b080
a212
00c3
0001
c846
9cbf
0480
fc93
00cb
251e
a460
c5e4
5491
fee9
00cb
4808
18e0
1c3a
9060
0000
0060
ff92
0432
2818
ffa1
31c2
005e
ff92
e532
2811
ffa1
31c6
005e
4481
002c
15e3
c448
2002
0089
8c01
0097
fbfe
3fff
1043
0091
8c10
0097
fbfe
3fff
1043
0091
8c11
0017
0600
8008
0403
00e2
4908
4022
1509
2ff2
2027
0081
e920
0c2f
1509
2ff2
947b
0080
2430
4214
8886
2ffb
2023
00c1
4842
0030
2104
4005
0001
0000
0095
2095
1a40
9000
0000
0060
0196
ff35
2cff
0201
fc84
00cb
251e
c820
9cbf
0480
0423
0088
88a0
4417
8548
2190
fee2
00cb
4808
0870
0c3a
4080
0000
0060
400d
ff17
ecff
0200
003e
005a
0000
14a2
a500
6800
0001
0088
0052
ff14
6cff
0201
001e
005a
0000
1482
0500
0000
0000
0000
0182
002a
509a
fff6
a02a
00bf
479e
a016
3e55
ffd0
0002
0008
ffbb
2d32
2812
2080
ff62
00cf
48b4
50c0
0a8a
2580
fd50
00bf
0000
e462
0591
9458
ff63
00cf
48b4
ee80
4cbf
048b
200b
0008
e9a2
58ef
03fa
8988
ff63
00cf
48b4
e1a0
0591
9568
0003
0008
ffbb
2d32
2812
2080
ff60
00cf
48b4
df60
0591
2000
1602
0065
ffba
2d32
2c12
2080
3000
00e1
e963
688f
03fa
ec01
ec00
00cf
0065
0000
8600
500e
0149
0050
0096
1855
7a40
b822
fc88
00cf
0080
1402
8aa2
519a
0189
0024
ff22
47b2
1809
2ff2
2027
0081
0108
a822
25e1
5193
a421
0088
ffb9
0232
2812
0e84
2003
000c
0000
1098
65d0
b820
7ede
0088
45fe
c816
0cff
1004
fff2
00cf
200d
1200
0aa1
2080
fe48
00cb
550a
7870
c591
3fff
803b
0000
e942
002f
2082
fe96
176a
0059
fffc
03b3
1008
2080
0000
0088
402c
0017
7882
645e
7dbd
0008
fffc
0373
2008
2ff9
5433
00c1
45ce
ff16
2cff
0201
a508
00bf
0800
5882
7bfa
645c
fff1
00cf
2012
0040
0082
2000
0066
005d
8208
b7eb
4887
645d
fc81
00cf
0100
ff21
dcff
0200
fd04
00cf
0020
0022
2082
2ff9
543b
00c1
45b6
ff16
6cff
0201
a508
00bf
0800
5882
fbfa
645a
fff1
00cf
2016
0040
0082
2000
0148
0050
fffc
4873
8808
6459
2031
0008
fd03
ff0f
1cff
0212
fd96
00c2
c593
0356
1082
3180
0000
0000
ff20
0132
3808
ffd0
2002
00cc
ffff
d001
5cbf
048b
2012
0088
ffd8
2d33
1012
2000
fd02
00cb
2004
bfa0
c591
3fff
8013
0080
ff40
2d32
8012
2ffb
22db
00c1
0001
4c02
fbff
77fd
0001
0000
e080
b839
0cff
5002
fc88
00cb
251e
4220
1884
2ff2
2027
00c1
8aa0
0417
854a
2290
fee6
00cb
4808
18e0
0c3a
5080
0000
0060
801a
082b
8bfa
6458
fc85
00cf
7c00
00a2
c082
3fff
0fff
000e
1000
1002
2bfa
4005
0001
0000
e000
d979
8c2f
6c56
0171
0026
fd80
0f33
0800
2080
0000
0000
e000
d979
0c2f
6c56
0171
0026
fd80
0f73
0800
2080
0000
0000
e380
b839
0cff
6002
a092
003f
e801
c86f
9cbf
0480
fc87
00cb
251e
2420
c5e3
3fff
4447
0080
e845
002f
c5e3
3fff
4447
008c
ffb8
0232
3c12
0e86
2003
0018
308f
8855
fae0
3007
3fff
007c
88ec
8166
0bb8
6454
2001
0088
e942
600f
23fa
fe96
14ea
0059
3001
000a
0082
2000
0148
0050
777e
1463
22f0
9e30
5243
0022
ff21
47b2
1809
2ff2
2027
00c1
0908
2822
e5e2
5201
fffb
000d
1908
ee22
8cbf
0480
f40f
00bf
e863
0030
0102
8000
0045
0026
98a1
6286
0d40
2000
c000
00eb
98a1
0026
d8dc
6c50
8001
00e7
000b
0017
6600
9801
e000
00eb
7800
4163
05b1
9f00
0001
0060
fffe
61b3
0400
a180
2003
0008
7702
1423
2500
37f8
a082
003f
0000
0018
0000
0000
0000
0000
e801
082f
e3fa
3777
fe42
00cb
7eaa
e430
ccbf
07e1
0bc7
005e
70c1
f23a
059f
a708
ff61
00cf
49a7
c080
28dd
4005
0001
0000
c061
e02b
3e78
fe82
62c0
00a2
e801
c88f
ecbf
0251
0422
0088
ff21
0272
0812
78aa
a061
0054
2908
ee62
8cbf
0480
a10a
00c3
0800
0005
1600
9843
1822
002e
ff20
c033
088f
69cc
261c
0054
8c56
3c29
0591
21fc
2000
0088
9cc0
0146
05d0
2080
fff2
00cf
c0ff
3aa3
05b1
2000
0148
0050
777e
e403
acbf
07ea
fe43
00cb
7e1c
0830
1bfa
780f
ff55
00d9
e841
304f
069c
a708
dc09
008d
0052
0014
0000
0000
0000
0000
0800
4022
5e79
7e40
fc0d
003f
8c41
003b
0882
fe94
12f2
005b
2941
148a
0500
0000
0000
0000
777e
b823
0cff
3002
8c08
00e7
e82a
00af
23fa
2ff2
947b
0080
ff20
0272
8c12
2010
1a82
005e
181b
4215
988a
2ffb
2023
0081
fd03
086f
0c3a
3080
0000
0060
7000
2423
0591
6984
2000
0008
e100
f639
acff
0557
552a
0050
8c01
001b
1600
b800
8004
0035
4400
0018
1600
7844
fffc
00cf
0400
8074
0609
2000
dc08
008d
0052
0014
0000
0000
0000
0000
e801
082f
03fa
2ff9
faa3
00c1
ff90
86b2
1c1f
782f
2009
0088
7fcd
dfb6
10dd
a70c
c201
00e9
ffd8
41b3
2015
3770
014a
0050
777e
b823
0cff
4002
8a08
00e7
e82a
006f
13fa
2ff2
947b
0080
ff21
0272
8c12
2010
2282
005e
2022
4215
8886
2ffb
2023
00c1
fd03
18ef
0c3a
4080
0000
0060
942b
1526
0591
3700
a580
00bf
0800
f602
acff
0557
5536
0050
0989
0018
1600
b840
8004
0035
4400
6018
f678
3fff
300b
00ce
e420
084f
09e2
7806
1000
00a0
7000
401a
0e78
2080
a582
00bf
c44f
0016
2080
3770
014a
0050
e801
082f
e3fa
3777
fe42
00cb
7ea8
e430
acbf
07e1
0bc7
005e
70c1
f23a
059f
a708
2009
0088
ffd8
41b3
2015
3770
014a
0050
e804
94af
1ae0
9e00
210d
00ae
8411
180b
8ce9
4000
250a
0004
e8c4
1c6f
2263
fe8e
12aa
0059
f211
02ae
2082
80c4
7fc2
0008
0000
14a2
0500
0000
0000
0000
e001
2839
c591
3fff
bfff
008f
802c
c88b
0cff
2100
2022
0008
0000
14a2
0500
0000
0000
0000
ff28
e1f2
e811
3777
1102
0059
0801
0022
00dc
fea0
c002
00eb
e80f
600f
fe78
3fec
0203
0004
ff0f
1ff3
ea80
3fd9
fc03
00fb
8221
ff97
7cff
0dc8
369f
0026
787e
6c62
a9ae
0e94
0127
0004
3e21
0005
5600
5099
e685
0090
ea00
704f
1a8e
a35a
0886
005e
9c18
1deb
126d
3ff2
fc03
0085
4472
1896
1a01
2080
fff0
00cf
8080
6c63
41ae
2006
f38a
005b
45e1
0004
d600
509e
1785
0015
0000
6558
1542
439a
a802
003f
39cf
6bea
0a8d
7822
7061
00ae
b477
c849
0cff
17f0
116e
0059
0462
0068
c082
3fff
0203
000e
0064
3322
15bf
6b9a
f084
0010
0000
7b58
1542
a39e
d9be
0028
35e1
ca05
32e7
5099
fcc9
00cf
7f00
1de1
2273
8046
d6be
00a8
4446
8016
ebfa
fe9e
fff0
00cf
8080
0063
4082
2006
f2da
005b
3de1
684a
410f
3f26
1fff
0020
09ef
6855
894e
b9c3
f618
00cf
ff00
649e
1542
a35a
fcbe
00cf
7f00
1dc1
fa6d
a39c
10be
0059
0462
8028
c3fa
3fff
0203
008e
0801
1902
f880
6fc9
d705
0010
fd9e
c033
07bf
509f
dc09
008d
0052
0014
0000
0000
0000
0000
e80a
09af
0220
2000
fc86
00cb
4809
8c30
85e0
2010
fc86
00cb
251e
9020
85e0
2190
fee2
00cb
4808
18f0
0c3a
1080
06ac
0054
f6a0
f62f
ecff
048f
0000
00bc
ffd8
3e33
0412
9008
0403
00bc
ffd8
4133
0412
9060
0403
003c
ff25
e1b2
3c11
9845
0e12
0059
0000
5818
0bfa
9068
2003
0008
9812
582b
0bfa
6439
2271
0084
0801
ff82
bcff
da25
6007
0008
0000
0002
c600
5018
ff61
00cf
490a
02e0
0082
d60a
0600
00e4
43e9
c816
7cbf
0478
3144
00a6
1ff2
0002
2080
4005
0001
0000
88a9
2328
3282
2ff2
2027
0081
9084
0028
0886
78a3
6421
0088
e84a
c92f
ecbf
0251
2902
005e
4908
eea2
8cbf
0480
a31a
00c3
0800
dc85
cc2f
1005
02b8
0054
f622
f62f
acff
048a
0847
005e
ffd8
1333
2818
ff62
0886
005e
ffd8
2ab3
8c12
3ffd
8133
0081
8210
f657
6cff
0605
ff67
00cf
47ba
8460
95e0
3ffd
815b
00c1
ffd9
eeb3
0811
7821
0485
00bc
0020
846f
15e0
f012
0082
00bc
8800
003a
1ea0
782e
0c85
00bc
0220
e02f
0ea3
a800
0b83
005e
0321
882f
0bc0
a8f8
0003
00ea
82e1
0017
0ea2
a800
0a43
005e
402d
8897
8bfd
3ffd
22ab
00c1
8211
f617
ccff
0604
d88a
00bf
8221
f617
acff
048a
ff63
00cf
604c
8420
95e0
3ffd
815b
00c1
ffd9
eeb3
1811
7821
ff65
00cf
6056
f670
acff
047b
0842
005e
0121
082f
1bc0
7821
0485
00bc
0020
002f
0ea2
a800
0b87
005e
0321
882f
0bc0
a880
1e03
00ea
82e0
c857
0bc0
f022
2002
00ea
8780
b87a
05e0
a880
0003
00ea
8290
8817
8bfd
3ffd
8133
0081
bf71
2170
84c0
3ffd
11c3
00c1
0000
c96f
7cbf
0478
0801
00e4
0100
f66f
6cff
0605
ff61
00cf
48aa
f670
ccff
0479
0602
0064
0300
406f
03c0
9038
0803
00bc
1300
0939
82e2
b863
41e2
00cc
00f0
6020
2640
ee12
9b02
00ce
000f
8f0f
9ae1
3ffd
1eeb
0001
3083
2928
ca03
6430
0801
00bc
0c82
8008
9e41
2080
a582
003f
9834
c12b
3590
3ff2
03c3
008c
080c
6882
0a03
fe96
6000
0008
0000
dc58
1c2f
3005
da81
00bf
ffd8
23b3
8011
3ffd
11eb
00c1
0000
404f
0bc0
9018
ff63
00cf
4498
0000
0bc0
9118
1805
00ae
0180
84d9
0ae1
2ff2
1e1f
0001
a040
00b3
ca00
6432
320d
00a0
080a
2882
0a03
21ff
6000
0008
0000
6d58
0546
ff6a
ff62
00cf
44a2
f610
2cff
0600
ff66
00cf
44b6
4040
0bc0
f000
4600
00e4
0200
8039
03c0
9018
182d
00ae
8819
c82b
7cbf
0478
18e8
00ae
a050
0033
3002
3ff2
1003
008c
430e
20d6
aa03
2080
3288
00a0
fffc
3ff3
00fc
2180
0000
0060
1996
a815
8bfd
3ffd
1213
0001
0001
f62f
ccff
044a
fc82
00cb
4787
6000
0e44
f000
0600
0064
8644
be2b
4590
3ff2
03c3
0088
080a
ff82
4cff
c62c
fff3
00cf
0f0f
0003
a086
6c30
a181
00bf
0052
0014
0000
0000
0000
0000
ff26
e1f2
1811
b804
0152
002e
a4a0
00b3
dc00
fe80
0b92
0059
080b
6022
23fa
fe94
7ff6
0008
0808
b722
f590
21fe
a588
00bf
e980
000f
f882
6426
7ff9
0088
ff20
dc32
1011
9b45
0000
0088
0052
0014
0000
0000
0000
0000
ff25
e1b2
e811
3777
fffa
000d
1ffe
9822
1590
2080
a502
003f
1001
40e2
13ff
2000
0022
005d
f800
003a
48de
6c23
c001
0067
0000
0458
1260
fe94
07e4
00d4
0002
0002
0ebc
3700
08ae
005b
e000
e099
10df
bc00
fc82
00cb
6014
1420
f500
9802
dc0a
000d
0400
0027
0686
0000
0000
0000
777e
0023
c880
6fe8
a005
00bf
0187
0055
3884
67ec
0001
0008
0800
0042
a3fa
6c2b
0001
0088
ff40
0532
0818
3700
2622
0054
ffcc
0016
0082
8000
8001
00e7
090a
d015
4cbf
0601
0000
0060
1000
ac22
059f
2000
2000
0008
e801
080f
2bfa
3770
014a
0050
ff20
32f2
0011
8000
fe01
00cf
041f
0220
0cc0
8000
0142
0050
0000
0fd8
08e0
2ff4
1347
0001
ff20
32f2
0011
8000
ff01
00cf
041f
1400
0500
3c00
8003
0000
803d
d023
1cbf
044d
0000
0000
ffc0
07f3
0001
4005
0001
00cf
2000
0f40
08e0
a000
0001
0000
0021
d022
1cbf
046e
0022
005c
ff20
32f2
8011
3ffd
1347
0001
ff20
05b2
0418
8000
0801
002d
0000
0018
0cf0
0400
fc82
00cb
6015
1430
f500
3803
0080
009a
0000
001a
0000
0000
0000
0000
ffd8
32f3
4811
7400
0001
0000
ff27
e1f2
e811
3777
f412
00bf
424c
ff16
fcff
3eff
2022
0008
e9c0
ff2f
0cff
2100
0014
0088
fe25
0116
7bfa
5018
4021
0088
7e5d
0016
0080
2080
a010
003f
c254
0016
48dc
5218
fda5
005b
2000
0002
0e78
7883
0001
0060
ff80
07f3
8841
3080
0003
00a0
8810
0017
f600
3883
8002
0088
8810
5017
13ff
5219
ff15
005b
2000
7022
83fa
2080
fff2
00cf
efff
0003
a884
5218
0875
005b
2000
0022
0080
2080
4002
0008
2183
8dd5
45bf
fe80
a200
00bf
7702
14a3
0500
0000
0000
0000
777a
ff23
38df
5012
d809
00e3
fd05
102f
369e
a708
e407
00e3
e879
362f
c3fa
9051
c227
005f
1000
6222
0590
fe94
2000
0008
1000
6122
0590
fe94
2010
0008
2941
000a
1e15
2ff9
1dfb
0081
75ef
4016
063c
2100
a010
00bf
fd50
000f
0882
2000
06d6
0054
81a8
0116
1bfa
7403
0001
00e1
ff91
dfb2
1811
675e
c401
0063
1004
0102
2bfa
3780
2004
0088
eb00
69ef
2540
3708
50fa
005a
e804
68af
1540
9608
021a
0057
6082
6129
3548
5209
8423
0008
521c
a0f9
2678
9e10
056b
0059
90aa
5006
0bfa
2080
ac88
00bf
4155
5016
43fa
2080
f540
00bf
0001
2022
5e7c
6818
a011
00bf
400b
c897
9cbf
0480
fc87
00cb
251e
0000
8600
2190
fee2
00cb
4808
9030
25e2
87b0
dc1b
008d
0050
e114
08df
fe88
0000
0060
1806
40e2
eec0
3777
300c
0096
fd03
506f
16c0
b118
8017
0088
8601
6517
5d46
fe80
ff60
00cf
42b9
8050
0358
9120
0001
0060
0089
0f94
8b88
3ffd
0f2b
0041
2000
9842
0358
8464
1805
0061
4682
60d8
4611
845c
1b15
0061
150c
0159
1880
7860
fdc5
00c2
00b8
f613
fcff
042b
8945
0035
1180
0019
7600
4008
90dd
00ae
bf72
1bb0
3080
3ff2
0203
0008
0000
04d8
1e40
2080
7dfe
0088
c18b
0016
7888
ba63
fc8c
00cf
0080
0262
2082
0bf7
017f
000c
3013
dff9
0887
6c18
8001
0088
c051
0209
e882
21ff
fdc8
00c2
0056
0443
7e4c
6c17
8001
0008
0000
dc98
0c2f
3005
c604
0064
0802
1442
1271
5189
4037
0065
0c61
c8c9
ecbf
0251
fc8a
00cb
4809
4230
0888
786a
6431
0054
3908
ee62
8cbf
0480
a297
00c3
0800
0003
b600
7400
7ff9
0088
c15d
0016
8888
7400
88c5
00ae
4159
2096
d046
21ff
8000
0008
0000
6c18
1548
9418
2009
0008
bc51
2449
dd46
9600
3185
0024
ff23
47b2
2809
2ff2
2027
00c1
2108
a822
c5e1
5190
e421
0088
ffb9
0232
5c12
0e8a
2003
000c
0000
02d8
e5d0
21ff
04fa
005b
2000
0222
15d0
b9e3
04ea
0059
1882
ff41
0087
2200
0000
0060
a831
446b
2548
1188
0000
0060
3011
03f9
d882
21ff
04c2
005b
2000
0c62
22eb
1188
203e
0008
2185
0455
de50
21ff
049e
005b
2000
6002
064c
8000
a201
003f
1995
8dd5
aaea
5218
fc8d
00cf
0080
4762
f590
21f7
4046
0065
080f
0002
0080
8000
b8dd
00ae
011a
c8d5
0cff
2008
0000
0060
6011
03f9
f882
21f7
0442
005b
0000
0c42
22e6
1188
063e
0054
3011
03b9
d882
21ff
0422
005b
0000
0c62
22e5
1188
203a
0008
0185
0455
de50
21ff
03fe
005b
0000
6042
0e4c
2100
68c6
005e
0117
1815
1a43
79a0
3105
00a8
9a01
0017
1e13
2ff9
1dfb
0081
74e7
4016
063c
8000
70f5
00ae
010c
c8d5
0cff
2200
2002
0008
0000
1098
e6c5
6407
4009
0064
fffc
fff3
00f7
2000
dc08
008d
0052
0014
0000
0000
0000
0000
777e
6be3
0d40
2000
a000
0088
ffd8
9873
1819
7401
0001
00cb
0022
0000
0600
4840
0000
0060
0187
b815
fcbf
0ffd
0000
0060
8400
0005
5600
5018
5285
0028
9483
0008
1600
521f
fc85
00cb
251e
c820
9cbf
0480
043b
0088
88a0
0497
e548
2190
fee2
00cb
4808
0870
0c3a
4080
0000
0060
ff92
08b3
0c40
2ff9
f86b
0081
ffd8
98f3
0019
8f00
eddb
0059
6020
800d
03ff
2000
dc08
008d
0052
0014
0000
0000
0000
0000
777e
2223
9540
8404
cffb
0059
f080
0038
0080
8000
0019
005d
4049
fe38
059c
8f08
0007
0008
0000
c098
28dd
4005
0001
0000
7940
8938
ce41
6401
f40d
00bf
0800
6002
2bfa
fe94
a588
00bf
4015
0056
028c
2080
6008
0089
f0eb
0917
0e4c
2080
0034
0059
816a
5006
0bfa
2100
4000
0088
4009
0056
028a
2080
b588
0028
19a6
0623
0590
9300
7f8f
0008
1000
0062
d082
21ff
fd96
00c2
c012
0056
0882
9300
4001
0008
7940
8bb8
5e41
0bf6
ffc3
0045
fd03
002f
0082
fe98
a50a
003f
e962
d96f
0c2f
17fe
c005
0028
0800
0082
d896
7f0e
c0b9
00e4
0800
d942
ec2f
17fc
05a9
001a
e940
002f
0084
2100
fd96
00c2
7fc4
0051
028a
2080
b588
0028
199a
d963
0c2f
17fe
c001
00e4
1f8f
0002
3884
2080
7fdc
0088
bf65
fa70
35af
2080
c002
0064
1000
0002
0000
0000
0000
0000
1000
dfa2
68dd
9001
a039
00bf
bf65
eeb0
045f
2110
7bfe
0088
8201
0017
3882
ffd0
3028
00e1
772d
0016
163c
2000
2002
0008
e80d
622f
a540
84c0
dc9b
0059
f000
0058
1880
2080
a034
003f
0002
2a22
05be
2000
2006
0088
6988
1295
be13
6771
c201
0063
0000
0358
03fa
84c0
ff61
00cf
6314
e400
6cff
000d
08d0
002e
6000
0c0d
5358
9018
0001
0060
0000
6258
0546
2000
2002
0088
6991
1295
7e13
6770
c201
0063
0000
0358
33fa
b9c3
6220
0084
6988
0695
0e4c
2080
7fde
0088
bf65
d3b0
04df
2680
a680
00bf
7702
14a3
0500
0000
0000
0000
0002
b622
0580
2080
4002
0008
ffd8
34b3
a811
3777
0260
00d4
0000
c802
ecbf
0251
481f
0008
ff40
ff72
0c0f
af10
fe45
00cb
44e6
6ac0
3590
ffa4
c606
0063
f102
94b8
03fe
2ff2
2027
00c1
ff21
47b2
2009
2010
6408
0088
ffb8
0232
0c12
7824
dc19
008d
0052
0014
0000
0000
0000
0000
7776
ffa3
40df
8f60
0c0f
0061
7b03
a03b
063f
6670
f430
003f
0098
c815
ecbf
0251
0003
0008
ff40
ff72
0c0f
af10
020d
0061
4188
2ab6
3084
ffa5
c606
0063
f102
90b8
03fe
2ff2
2027
0081
ff22
47b2
d809
7001
443d
0008
290f
ee62
8cbf
0480
0102
005e
ffff
6373
568c
0bf6
f7d3
0045
fcd0
000f
f600
3fff
73a7
0096
fc0c
d94f
6c2f
17de
f341
003f
0000
0058
0bff
ffcc
fd96
00c2
694e
01d3
0e38
2100
ec10
00e1
7f40
1038
2bfa
37f8
ec0c
00ec
770a
14a3
0500
0000
0000
0000
7776
ff23
20df
b7a8
f103
00ed
0112
8115
ae3d
ffd0
f206
006d
f683
c818
ecbf
0251
0003
0088
4153
d016
dcbf
03ff
c203
006b
00f1
3838
1084
2010
0192
005d
0107
ffd9
ccff
a000
fffd
00cf
042d
10ba
0120
8000
3701
00bb
1198
11d5
0e10
b000
fd96
00c2
6bde
0353
0bff
eccd
fd96
00c2
7d7e
0053
0bff
ffcd
fd96
00c2
6a06
0313
0bff
ffcc
fd96
00c2
7d6e
0053
0bff
ffcc
fd96
00c2
68d6
0353
1bff
7401
fd95
00c2
7d5a
0053
7bff
8680
fd97
00c2
69e6
0313
0bff
ffcc
fd96
00c2
7d4e
0053
0bff
ffcc
fd96
00c2
68b6
0353
23ff
86b0
0001
0060
6702
d967
0c2f
1711
d881
003f
0000
3458
5bff
0bf6
a6fb
004d
bf65
5c30
14d9
2100
fd96
00c2
6b94
02d3
866b
9a10
0ce5
001a
6042
d967
0c2f
170f
d881
003f
0000
3458
5bff
0bf6
a67b
004d
bf65
5430
14d9
2100
fd96
00c2
6b74
3013
4e1a
fb64
0c0e
009a
3c40
001b
8880
fb0c
f206
006c
0101
3162
4942
7b20
0405
0088
e8c2
202f
0e82
78a1
0405
0088
10e3
8125
45e1
fe8e
4402
00e8
0101
8422
45e1
87b0
fe13
000d
7b43
a098
aece
3770
014a
0050
777e
ffa3
00df
fe81
a0ca
003f
e851
1bef
ebfa
5181
f419
00bf
fd17
1b4f
0bfa
2980
c000
0009
ea41
e92f
359c
fea2
a708
00bf
ea00
028f
f880
6f78
c001
008d
73e1
4016
10de
3708
a802
003f
e200
6739
0cff
a001
5798
0012
e9cd
012f
45e2
5228
a74d
00bf
e8ae
7b6f
654c
3fda
0043
0020
ffff
f733
4288
4b9a
e000
006a
21a5
f035
168c
fea4
ce1a
0059
ea23
688f
0bfa
fea0
0028
0088
f771
0016
38dc
673c
e401
000d
7081
8023
03fa
9e28
0001
0060
9482
e008
0e5c
9640
2247
005e
14c1
39c9
596d
5a1b
2046
005e
1cb4
0068
05e2
a334
aad7
00c3
0601
d004
4e8e
0ea9
1807
0010
3185
6855
428d
5b5c
0000
0060
21de
a015
0e58
9720
0141
00d0
7f82
2103
2925
3770
e500
00e8
8830
0017
0000
0000
0000
0000
4080
dbb8
a8dd
37ff
d820
00e3
fe82
ec98
fcff
3051
feca
00cf
f333
c1e4
86de
fe81
a0e6
003f
a19a
432f
cbff
6734
8879
00be
e8c3
288f
2bfa
8818
8d09
0025
0000
df58
0c2f
3004
fff0
00cf
2060
0020
a882
5c09
4ed9
0088
bf65
1cb0
04df
2100
fd96
00c2
7c6c
ff11
0cff
0206
2004
0008
0802
d962
8c2f
17c8
7e05
0008
1010
ff22
0cff
0206
24c0
00cc
0000
a360
059d
feb0
ac84
003f
4016
bb97
5884
0bf6
f11b
004d
1000
d962
0c2f
17c4
fff1
00cf
2060
0040
2082
2080
fd96
00c2
7c5c
e051
0087
2105
fff2
00cf
2060
3c00
0cc2
0000
d9de
0059
0000
c842
13fa
2100
da2a
0059
eb00
004f
1082
2100
da8a
0059
eb00
c84f
03fa
2032
dbea
005b
ffd8
2833
bc18
7001
8e05
0035
0e40
005a
1880
2080
ce4e
005b
12bc
d962
8c2f
17bf
fff1
00cf
2060
0000
0082
2100
fd96
00c2
7bec
ff11
0cff
0206
2004
0008
0802
d962
8c2f
17c0
7e05
0008
1008
ff22
0cff
0206
de00
00bf
ffd8
26b3
2418
f010
ff62
00cf
609d
4050
1bc0
2100
fd96
00c2
7bee
ff11
0cff
0206
7ffa
0088
9080
009a
0882
a888
0001
0088
700a
a763
55bc
8780
0617
0067
c101
b639
359c
b804
ac02
003f
eb21
41af
a698
2000
db0a
005b
0802
d962
0c2f
17bc
7ff9
0008
1001
ff22
0cff
0206
0000
0088
700a
a263
55bc
8788
c001
000a
8843
41eb
6698
9c20
fb91
00cf
2710
b905
0cff
4271
4290
0020
1253
2642
0d48
2000
fc80
00cb
251e
d010
dcbf
03ff
c603
006b
7083
4e38
6cae
0000
fd95
00c2
7fc2
94d1
2bfe
ffa4
c406
0063
f182
c898
9cbf
0480
fc82
00cb
251e
4100
40ac
2090
fee2
00cb
4808
1020
05e2
ffdc
fdee
00c2
0087
8dc3
65bf
fe81
fdc2
00c2
0083
0083
361c
8708
447f
0057
e00c
4358
1638
8700
f703
003f
710c
0103
21c1
3ffb
3337
000b
7e64
ff56
ecff
2de4
0d81
009a
7881
0583
0bfa
ffdc
042e
0054
7089
4323
00dc
8000
080d
00e7
7e59
0016
0600
7136
a058
003f
e009
2079
7e7c
7001
8009
0063
0000
0098
fe70
67e4
f701
00bf
7882
40c3
00de
9c30
a059
003f
ffb3
99b3
2019
9f28
fff5
00cf
224e
2150
49c5
6948
c500
00be
ffff
60b3
2a88
8e00
2e11
00e7
eb00
ae6f
859f
3708
ac86
003f
eae2
606f
0e70
3780
c800
00e7
e288
b8d9
43fa
690a
4204
00a8
725d
3856
0af2
feb0
a708
00bf
eb21
014f
7880
6f64
2009
0088
bf65
b2b0
e45e
21ff
4004
0088
fffc
1833
0008
2000
c02a
008d
f20e
0156
0e1e
9f20
e003
000d
cb85
e239
a679
a610
ac87
003f
e384
10f8
4ae0
67e9
8419
00e9
eae2
604f
0e70
feb0
c222
000d
f280
8239
3678
feae
5210
001a
1081
8e2a
159c
bc8d
ac02
003f
e9a2
c86f
53fa
2000
d88a
005b
0802
d962
0c2f
17a8
7ff9
0008
1001
ff22
0cff
0206
0000
0088
700a
7a63
55bc
8780
8d2f
00e9
fdc0
200f
8e7c
9e00
c423
0056
8043
01ab
7638
a610
f6d5
005b
e816
c00f
1bfa
feb2
4616
0057
1000
6b22
05bd
9588
ec22
00e1
7f42
b038
13fa
a108
ec1e
00ec
0050
e194
08df
a611
dc4b
000d
0000
0018
0000
0000
0000
0000
777e
ffa3
08df
a880
a031
00bf
e82f
418f
7bff
ffd1
c91e
0059
7000
2063
00dc
3790
ff64
00cf
60a6
3080
0359
9210
0001
0060
0000
6f58
0544
9e10
602b
0061
e201
1059
01c1
6808
4242
0054
6101
08f9
5bfa
7823
6001
0088
8204
0b57
5902
7820
a10d
00bf
e9ad
1370
0040
ab88
a187
00bf
e9ad
8170
3041
fe80
823e
0054
6100
0d79
05e0
2180
0012
005e
080e
0164
35e0
fe84
a73a
00c3
004d
2000
0eae
fe86
a73a
00c3
0605
4000
9e5c
3ffd
828f
0041
66c3
8e0d
42e0
5109
c10b
0024
b00a
0438
1888
9320
1042
005e
fffc
0433
3904
8006
6302
00e8
ea10
1230
1080
93e0
fff2
00cf
2050
0824
15e1
a108
4402
00e8
ea10
1230
0080
9f00
fe0b
008d
7702
14a3
0500
0000
0000
0000
7770
ff23
60df
b7b4
fa07
00e3
e812
822f
b3ff
a704
002b
00e1
3800
f133
6811
ffe0
e204
00e9
1000
1f33
5818
ffe0
e844
00bf
2000
1833
3018
ffe0
0da2
0034
0800
34b3
4811
cec4
c394
00b3
e622
a0cc
9b3a
3ffd
828f
0001
ffd8
29b3
dc18
ffd0
817c
00bd
1493
81e8
263d
80c4
e202
00e9
fe0a
cb0f
9bfe
d652
8ca0
00b5
3400
000b
c0a2
2012
d5ea
005b
e08b
e039
059f
fea4
f740
00bf
708a
4283
0678
8000
a029
003f
1191
68d5
0566
9f10
0001
0060
0000
67c2
9d44
2131
fc80
00cb
251e
4010
5ebc
0bf6
f53b
0045
f501
8098
0e3d
2ff4
fff7
0040
4014
63d7
0566
9f10
0001
0060
0000
62c2
ed44
2130
fc80
00cb
251e
4010
5ebc
0bf6
f4bb
0045
f501
8098
0e3d
2ff4
fff7
0040
9000
fff9
0883
ffd8
c772
005b
faa1
806f
ab46
9e10
c435
003b
4621
610a
1544
9284
0000
0060
1085
bc55
ccff
20da
0000
0060
11c6
1095
0231
2000
4664
00d4
fffc
8d33
a081
8748
fc81
00cb
251e
d010
dcbf
03ff
c607
00e7
e8a4
216f
33fa
ef2b
484e
00e7
f200
ff9a
4cff
e43c
c60f
0063
fa42
40af
5e3c
0bf6
f363
0045
f684
8cb8
13fe
8f10
e307
0069
7b07
d078
0e1f
fe94
fe12
000d
3b46
c43b
28dd
4005
0001
0000
ff20
38b2
0011
8000
0009
0024
7ffe
6643
ad40
3777
fc80
00cb
251e
4070
0084
2ff4
fff7
0040
ff21
38b2
5c11
0bf6
f283
0045
f080
003a
2080
ffa3
c406
0063
ff20
0272
0c12
2ff2
947b
0080
0022
4117
4094
2090
fee2
00cb
4808
9020
c5e0
3fff
5e03
0081
7ce2
4016
40de
3708
ff62
00cf
44d2
0280
7bfa
6710
2001
0088
e184
4019
2e7c
2000
c200
00e7
e004
d019
3cbf
044e
fff2
00cf
5780
ee03
6cbf
044e
a08a
003f
ffb8
3932
6411
3770
0142
0050
7f82
5023
03fa
8000
0001
0000
7768
fe23
b0df
8f60
fa0f
00e3
e807
05af
9548
b7b4
fc0b
00ed
e838
1e6f
a3fa
8f70
f437
003f
fffc
f5f3
0868
60fb
6005
0088
e860
ff0f
dcff
20a3
acec
00bf
0032
3e97
ebfa
ffc0
0000
0060
ffb1
aaf3
4c2a
5102
0001
0060
a06e
ec4f
dcff
0ccc
7d03
00a4
3892
ec55
bcff
2aaa
fff3
00cf
0da7
1802
7bfa
60f9
0881
00cf
4000
0060
f086
396f
fff2
00cf
da74
0381
8bff
7401
0081
00cf
0000
1821
dbfa
60f8
fff5
00cf
de2f
ff32
2cff
1831
fff0
00cf
6e98
00a2
e086
ffc0
002e
005d
fffc
9d33
0876
60f8
6009
0088
e860
ff0f
7cff
20da
f038
00bf
e8fa
c88f
ccbf
0608
d0c7
005e
0000
4098
2a45
2ff2
1f53
00c1
b470
c897
0cbf
0607
a423
00c3
0649
001a
4080
ffa5
528a
0024
fa73
660f
1d4a
968a
fc80
00cb
251e
6430
0084
af10
fd97
00c2
7b8c
6051
263c
8f20
fd03
00cb
3ffd
c890
9cbf
0480
fc83
00cb
251e
23e0
45c0
2690
ff7a
00cf
47c4
4100
8882
2ffb
2023
0081
8a40
0017
e89a
3ffd
1f13
0081
8a10
dc97
0c2f
1006
ad81
00bf
7c51
40d6
00de
3709
ff62
00cf
607c
4080
b8de
67c4
ff61
00cf
6060
0060
069e
feb6
c23e
000d
f281
f799
0cff
0606
5018
0020
e110
c839
0cbf
0606
3243
005e
e18f
c839
ccbf
0607
3242
005e
e80d
090f
0b00
78c0
fffd
00cf
8840
0036
088e
78c2
0095
0096
9ca5
0824
15e3
9f68
8e3f
00e7
ffde
1f33
0818
78b0
d009
00e7
e390
bc79
35e2
9f40
ff63
00cf
60ac
1870
eaec
a71c
052b
00c3
d040
739a
0e9c
a7a0
898b
00b5
ffd9
2a73
cc18
0d4b
4103
006b
4b00
e07b
0b59
79a4
2501
00e8
9a30
2817
055a
2ff2
947b
00c0
fa52
e52f
03fe
9f30
c40f
0063
e28e
d039
dcbf
03ff
c805
00e3
fa63
c00f
2ebc
ffa5
c808
00e3
fbb4
c10f
5e3d
0bf6
eafb
0045
f186
0038
5080
8f10
45ff
0008
ff22
0272
0c12
2ff2
947b
0000
6901
4042
8882
2ffb
2023
0081
8a40
7017
0bff
feb6
467e
0057
708e
4023
08de
6fbf
a035
00bf
1189
ecc2
2bfe
ffb9
0000
0088
00ad
c815
ecbf
0251
fd01
00cb
3ffd
6030
16bc
8f10
fd97
00c2
7a7c
6091
063c
2b80
001b
0008
ff22
0272
6c12
2ff2
947b
0000
0000
eed8
8cbf
0480
28c2
005e
fb93
ed2f
8bfe
5689
fc81
00cb
251e
0030
0080
9f28
c607
0063
f300
d03a
dcbf
03ff
e94d
00bf
fba2
40ef
e63c
9e28
c809
0063
f704
d978
0c2f
17a4
c619
00e3
11ab
4142
2e3c
ffa5
0048
005d
e18e
4039
0e7c
feb4
ac06
00bf
efe8
3856
3bff
6734
ad01
003f
eb01
038f
0e78
b770
8045
0069
fd00
a259
1639
feb4
802a
0063
e70b
c2d8
3e1e
87f4
a683
003f
7b8a
c0b8
8ecf
37f8
ed24
00ec
7718
14a3
0500
0000
0000
0000
776a
fda3
80df
b7b0
014b
00ae
ffd9
19b3
a011
8f68
914f
00b5
ffd9
11b3
9011
8f78
9153
00b5
fe04
1318
3e9c
8ff0
c33d
00e9
7e82
631b
a678
3ffd
113b
0041
0c6f
f66a
6cff
0445
1984
00ae
6452
98cd
4b59
d686
988c
00b5
6824
000d
3ea6
d646
a94a
0035
a000
893a
9b59
3ffd
117b
0041
6462
002d
4ea8
d665
9088
00b5
ffd9
0fb3
0411
a900
a18b
00b5
6654
f64d
6cff
0443
908b
0035
9000
94ba
3b59
d686
9888
00b5
6463
000d
2ea4
d662
4000
006a
ff22
fe32
240f
2ff2
0ed7
0041
ff05
bfb3
01b2
914a
5314
001e
e858
dc8f
fc2f
3008
a067
003f
ff90
2a33
1bc0
3ff9
0153
0074
ffd9
0033
1810
3ff9
00ab
0038
a001
78ae
1b59
7b00
9689
00b5
0061
7309
8359
ae0a
668b
0054
ff22
f2f2
cc11
9e18
e001
000b
fa33
e46f
23fe
0bf7
011b
00cc
fb82
c80f
ecbf
0251
0003
0008
f081
d038
dcbf
03ff
c601
00eb
bf65
4cb0
245e
8f10
c60d
00e3
fffc
24b3
1081
2ff2
2027
00c1
ff20
47b2
6809
7003
e411
000b
0904
ee22
8cbf
0480
1902
005e
ff22
20f2
1c18
2ff2
819f
0041
0000
2818
0a45
90c6
518c
0020
fb95
28cf
0d46
2f80
fc80
00cb
251e
0030
0080
2ff4
fff7
00c0
e18c
c899
7cbf
0606
fc87
00cb
6083
8cd0
0bfe
af28
e951
00bf
fa32
a06f
163c
ffa2
c20a
0063
f183
d978
8c2f
178d
c411
0063
f205
ff38
9cff
2048
fc84
00cb
4809
c830
ecbf
0251
e410
000b
0904
ee22
8cbf
0480
1902
005e
7807
00b2
1e80
9646
fdfe
00c2
0044
00d3
2c9e
4000
f72a
00bf
e800
8c62
15e1
af80
6003
000b
f181
0019
d6be
af00
6639
0054
7800
a0a3
8e7c
6039
c235
008d
e18f
c0b9
43fa
feba
ac82
00bf
e08c
6359
0678
8000
6005
008b
8601
6357
0e78
9f28
de87
00a9
b631
3397
1e9c
8345
d343
00a3
b631
6397
d678
9e18
c59b
0054
f881
33fa
3e94
0e86
1807
006c
0000
4a18
1eb8
7b63
0055
005d
ff91
1533
0f40
3ff9
02a3
003c
ff91
0ab3
9b80
3ffd
0003
0001
fb43
f666
2cff
0558
3e0d
009a
002a
8c4b
5bfd
0bf6
6e5b
0045
0210
886f
0359
8000
e001
000b
ffd9
0033
2010
d65e
9688
0035
65c3
6a0d
c64c
9e08
3189
0024
eb02
214f
0d46
feb2
06c4
005a
98a8
0c3a
45e0
87f0
ed2b
00e1
ebe0
e0cf
8e1f
b3b0
fa09
00ec
7bc9
c5b8
a8dd
37f8
014a
0050
e80e
13ef
03fa
3ff9
0153
00cc
e86b
270f
acff
9502
ff62
00cf
4000
6300
ccff
cffa
8080
0035
6060
0ccd
8358
9332
ddd1
000d
18c2
2289
13fa
531a
fc8d
00cb
251e
8060
13fe
8f08
fd0f
00cb
3ffd
8440
2bfe
8f08
ebc5
00bf
f083
a018
1ebc
ffa4
c210
00e3
0000
ca02
5e4c
0bf6
defb
0045
fffc
55f3
1881
fe8c
e988
00bf
f105
c8d8
9cbf
0480
fc86
00cb
251e
18e0
55c0
2010
6414
0088
ffb8
0232
0c12
78c4
429d
009a
10a6
ecc7
dcff
1ccc
fecf
00cf
cccd
4c02
0bff
2400
0480
00cf
0000
8424
0cf0
4000
fff4
00cf
866d
ff72
dcff
12e6
8001
0089
3800
8662
05f8
2680
2002
0009
8221
83db
0640
9464
1408
00b0
10c0
3449
fa12
3fff
6233
0028
6631
898e
1206
a222
2002
008a
8c20
4b17
1bfa
a252
a422
00c3
0000
3cc6
f931
3fff
f13f
00a4
8c10
6357
8bfa
fea2
a9ce
00c3
0000
9846
1af3
5392
66b1
001a
0000
c8d8
ecbf
0251
e806
00bf
faa2
204f
3e3c
2ff4
fff7
0080
0000
8442
2bfe
8f08
ebc5
00bf
f083
d978
2c2f
1772
c801
00eb
fffc
5473
4081
8f10
a307
003f
ff23
0272
1812
2ff2
947b
0080
0014
4057
1080
2190
fee2
00cb
4808
1030
45e3
fe98
beea
0059
e9e2
58cf
03fa
d66b
0002
0008
fef0
0932
0280
2fef
008b
0030
770c
14a3
0500
0000
0000
0000
e812
0cef
f3fa
fe84
f292
00cf
ac32
f609
ecff
062a
ddb2
000d
f622
03af
8ebc
3ffd
89c3
0041
0020
826f
ce3d
37ff
80c0
00b5
0125
00cf
6ec0
7004
c001
0089
c001
0042
a642
6f21
a981
00bf
6c49
0456
d8dc
8544
c201
00e3
7882
1843
1a4f
578b
a981
00bf
7801
6223
2546
93c6
a802
003f
708e
6483
8546
7402
5135
00e1
6c65
2016
e63c
3708
c608
00e7
e20e
0019
8600
80c9
0000
0060
c0a6
9835
c3fa
8544
b21b
0059
f080
0018
0600
7402
5135
00e1
6c55
2016
063c
8000
c609
00e7
e20e
0019
8600
8107
6218
00d4
ea60
130f
7e15
66c7
c201
0063
0000
6398
0678
8000
a801
003f
188e
1315
fe15
66c6
c201
0063
0000
0258
25d0
9fc0
0001
0060
ea60
214f
c570
8544
b19b
0059
f080
0018
1600
a39c
e1d0
0022
0000
2118
a546
2000
fdf2
00c2
ffbc
1883
4a2e
ba44
498c
001a
0c61
dc6a
ec2f
300a
fc81
00cb
251e
8cb0
0bfe
2000
c608
00e7
f101
6058
2e7c
ffae
c40a
0063
fa33
63af
2678
ff63
c41a
0063
fa31
212f
163c
9e19
fff3
00cf
05ed
c002
5ebc
0bf6
d7db
0045
f183
8cb8
53fd
8f10
fd03
00cb
3ffd
90d0
2bfa
fea6
fc82
00cb
251e
8810
8ce0
540a
ca02
006b
0000
8942
8bfd
3ffd
0003
0001
0050
d02f
dcbf
03ff
0691
0064
0000
8c58
1bfe
8f08
0695
0064
0000
8c58
2bfe
8f08
0689
0064
0000
8c58
3bfe
8f08
068d
0064
0000
8c58
4bfe
8f08
06a1
00e4
bf65
6ab0
c45d
3fff
17c7
0008
fa32
416f
863c
3ffd
00ab
0081
ff20
47b2
0409
f005
fd02
00cb
3ffd
a030
46bc
901a
0001
0060
fa31
206f
563c
901a
0001
0060
fa31
20af
263c
901a
0001
0060
fa31
20ef
363c
901a
0001
0060
fa31
212f
863c
901a
fd97
00c2
756c
ff11
4cff
205f
0002
0008
fa32
416f
063c
fea4
bd1a
005b
e803
c82f
ecbf
0251
fd97
00c2
7558
2011
2ebc
ffa3
fff2
00cf
05f8
4042
0e3c
2ff4
fff7
00c0
0000
0002
38de
66db
e40d
000d
7090
0023
0080
2ff2
947b
00c0
fffc
7ff3
0881
2000
fd00
00cb
3ffd
6030
167c
2ff2
826b
00c1
f200
8c9a
2bfd
8f10
c60f
0067
fa32
406f
063c
9e19
fd97
00c2
7514
4111
2e3c
ffa3
d8c8
00bf
f103
0018
78de
66d9
e40d
000d
7090
0063
f080
3700
b91a
005b
ff20
47b2
0c09
2000
fd00
00cb
3ffd
6030
167c
2ff2
826f
00c1
f280
8c9a
2bfd
8f10
c60f
0067
fa32
406f
263c
ffa3
8642
0067
f104
8c58
3bfd
8f08
863d
00e7
bf65
34b0
c45d
3fff
180f
0008
fa32
416f
963c
87b0
dc53
008d
0050
e114
08df
feb0
0000
0060
e841
e42f
4cff
1005
f201
00cf
502a
f629
0cff
0400
f610
00cf
ffac
ff22
0cff
a096
8080
00b5
fffc
7133
c242
3fff
4b03
00a8
6010
002d
c5e0
3fff
5dc3
00a4
6031
002d
05e0
3081
8002
0088
0000
0831
c480
3fff
ffff
0001
9050
2008
8e40
fe92
43c2
00a4
8481
5217
7bfa
0e8e
0123
0008
0501
006a
25e1
4a14
9404
0012
1192
0015
2886
ffd1
2646
0054
f20b
1057
f6e2
9208
0001
0060
a046
8064
55e0
4850
a31a
00c3
0001
1841
6a83
0e8a
0007
0004
ffff
0033
1286
a108
0006
000c
ff00
fff3
085f
4005
0001
0088
8201
bc57
7cbf
0002
0000
0000
7774
fe23
50df
8f60
e407
00e9
ffd8
19b3
cc11
3fff
8c83
0048
fe83
60b8
1ae0
b824
dc12
0063
134e
e06a
2b58
8ff8
ed0f
006d
63a1
50ed
0e9c
af88
a167
003f
6221
06ed
03fa
9120
8367
00ba
e81c
806f
f5ec
a6fe
a0f6
003f
1081
402a
ee82
fe87
c1d2
0059
fd0d
006f
6880
277d
0003
0038
fffc
dc33
1c88
2080
d206
00e9
be00
0157
5882
0bf6
c1bb
0045
1dff
8002
0884
fea4
2014
0088
bf65
18b0
f45c
21df
4000
0088
ea40
d94f
ec2f
3708
c805
00e7
eb80
008f
d0de
f520
8002
0008
7bbc
a096
fcff
cfff
ac8a
003f
e8c3
f06f
23fa
2ff2
9057
0001
0000
f118
41c4
813e
a028
003f
2191
f615
9cff
060a
fff3
00cf
2370
f840
5b58
2080
4800
00e4
fffc
fff3
50ef
0bf6
c073
0045
884e
c90b
0cff
2400
fd94
00c2
704a
d813
1bfa
2080
fdd6
00c2
00ff
0003
3884
6f00
c911
00ae
e283
b579
359e
f6e9
af06
003f
10a2
0068
0ecf
feb6
a010
00bf
7900
205a
1a44
feba
ff60
00cf
4446
0070
15e2
d638
2006
005e
63a1
006d
15e2
d639
2006
005e
1280
0c79
35e2
9e20
5285
00a8
0940
107a
05e2
9f28
ac89
003f
ebc3
dc8f
bc2f
300d
ae03
003f
edd4
0016
f884
66d6
ae01
003f
eba1
000f
189e
9708
fff0
00cf
1000
706f
1a5d
7880
a781
00bf
0800
4002
f884
21ef
c622
0055
1200
7fe2
5887
0bf6
bb43
004d
4003
d957
6c2f
36ec
fc89
00cb
3ff8
0000
4600
3ff0
2bfb
0013
000a
6082
a548
6f03
4005
0088
6d51
e016
13fa
feba
fc88
00cb
3ff8
0000
4600
3ff0
2bfb
0013
000a
6082
e548
6f02
c009
008d
6dd5
e016
0bfa
3788
ac88
00bf
eba1
800f
8e7c
3ffd
113b
0041
6381
284d
1a44
d63a
ff60
00cf
4456
e570
1b58
78a0
8e05
00b5
8a01
e857
1b58
78a0
8e45
00b5
8a01
8017
1e44
78a3
0105
00dc
6805
2042
0a84
a090
2907
005e
0000
61d8
055c
2100
fff2
00cf
f7ff
d963
cc2f
36e5
0019
005d
1000
ff22
fcff
3fbf
fd96
00c2
6e50
c893
8cbf
03ff
0000
0060
ff04
bfb3
a132
2000
8608
0054
effc
7816
0bfa
2080
c62a
0055
fffc
0033
c882
3fff
dfff
008f
bf65
8c30
74db
7400
fff1
00cf
0400
ff22
fcff
3fbf
fd96
00c2
6e22
c893
8cbf
03ff
0000
0060
ff04
bfb3
a132
2000
860c
00d4
35af
f8ca
25bb
3700
b62a
0059
eb80
202f
20de
feb2
ae86
003f
f280
0019
0600
9520
28c3
005e
0000
2058
0a84
a290
2903
005e
f200
0019
1600
910a
0000
0060
2884
7815
0bfa
2080
a702
0055
e282
0059
608c
fe88
e602
00e9
8a00
2857
8246
3ffd
117b
00c1
8a01
e057
1b58
78a0
8e85
00b5
8a01
e457
1b58
78a0
4801
00e4
8a31
0017
1600
a108
2402
00e8
8a41
a017
067c
8000
ff61
00cf
443e
8030
15e2
d638
2802
005e
63a1
802d
15e2
d639
2802
005e
1200
8c39
05e2
8000
4205
00a8
0900
903a
05e2
9f20
0001
0060
0000
68d8
2548
2080
fd96
00c2
6d84
ff91
1087
2100
fff2
00cf
2060
0000
4880
3700
adae
005b
7802
a058
267c
b804
4010
001a
10a4
4207
43f0
3fec
002f
0010
ffd8
0db3
0c11
af88
2103
005e
6381
002d
15e2
d63a
2002
005e
6391
002d
05e2
9128
20c3
005e
0000
2058
0a85
a090
2103
005e
f200
c179
461e
87b8
fd0f
0061
7fc2
0878
0ba9
a690
fe23
000d
3b43
c33b
28dd
4005
0001
0000
7774
fda3
40df
8fe0
da17
0063
f784
d0b8
aedf
fe81
a0e6
003f
7b03
c0fb
be3f
fe85
a27a
00bf
1033
b095
1ede
a794
f437
00bf
fd1c
300f
169c
2ff9
1f7b
0081
ff23
1eb2
1c18
9046
d406
005e
ff21
25f2
1c18
904c
f91a
00cf
0004
1824
25ed
3ffb
666b
00ce
ffb2
66b3
18a6
7b41
e8c5
00bf
fa70
042f
05ed
3c20
0003
0090
c320
0033
1900
7b41
c409
00bc
3012
042f
d5ed
3fff
19b7
00c9
fffd
9b73
1c07
7b41
0895
008e
88e5
0423
c5ed
3fe4
0033
0090
68c0
0029
f5ed
7402
fc8d
00cb
6097
1870
0a41
2ff9
1f7b
00c1
b501
9197
6cff
4000
fc86
00cb
607a
3870
1a41
7b46
fecd
00cf
999a
ec74
acff
2999
d087
005e
ffb1
66b3
1ca6
3ffb
666b
0086
b421
8017
0cf0
2000
0302
00a4
b400
8017
0cf0
2000
1082
00cf
0000
0462
05ed
3c11
0003
0088
fffd
93b3
0c91
7b42
fff5
00cf
1e4e
ff70
ecff
0464
d087
005e
fffd
93b3
ec47
3fe4
003b
0090
b410
2d17
acff
1502
ff67
00cf
4000
e700
4cff
5005
f81b
00cf
1999
744e
8cff
8089
910b
00b5
8c00
83d7
0cff
a0b4
f653
00cf
ffac
0026
15e3
3fdd
47e3
00e0
6432
006d
f5e3
3fe0
5f03
00e8
645b
006d
05e3
2080
aa9a
0059
0880
c40b
0e37
2000
ad00
00bf
eb21
076f
259b
feb6
6006
0008
2001
0062
008a
2f80
ae0e
003f
e878
d02f
0bfa
9e18
af15
00bf
7e09
c856
2bfa
3700
ac10
00bf
eb62
604f
2e7c
9e38
0001
0060
e063
e986
a923
5390
ff85
00a9
ffff
d1f3
0a87
78c0
0001
0060
fcc2
0008
a600
531e
8e0d
0097
f800
2aa2
c54e
feb1
ac7e
00bf
19a7
6055
067c
2700
0007
007c
6063
30a7
369e
68f0
3184
0028
c7f1
d00b
1bfa
feb2
f79e
0059
eb62
f92f
53fa
febc
e002
008d
e180
6019
1e7c
9e30
af91
003f
f202
33f9
1a86
7863
aff1
00bf
7181
807a
35e1
7708
4e1a
001a
8c65
3068
1286
bcdf
6614
0054
e181
0019
2600
a790
6799
0054
eb9f
608f
0678
8000
8001
0008
189e
c0f5
f17d
2e01
6672
0054
7f43
d01a
1bfa
feb2
f70e
0059
eb62
e92f
53fa
febc
e002
008d
e180
6019
4e7c
feb0
ce3c
0029
f303
e9b9
1bfa
7863
ae91
00bf
8601
20d7
79c6
6988
3394
00a2
1c61
f44a
42f1
5398
e60d
00e9
e898
7aaf
0578
a610
e003
008b
eb62
002f
05e2
2200
aeba
0059
1801
d022
0bfa
a6fc
ac85
00bf
b2a6
d159
4e1e
87f0
ef11
00e1
7f83
b098
2ece
b3f4
fe2b
000d
3b03
c33b
28dd
4005
0001
0000
7774
ffa3
d8df
5112
a035
00bf
e82c
418f
03ff
3ff9
035b
0080
ffd8
a2b3
0418
3780
8804
00b5
e980
246f
059a
8444
c22f
000d
f080
1858
ba8c
9e18
e8c9
003f
0000
dc42
cc2f
1004
eb4f
003f
ff20
47b2
cc09
3fff
1627
0008
f100
d97a
0c2f
16f2
c605
0063
f102
d038
dcbf
03ff
fc85
00cb
4809
c870
ecbf
0251
00fa
005c
0103
40c2
8886
2ffb
2023
00c1
8640
e417
6cff
000d
ff62
00cf
6270
0010
10de
d620
a602
00bf
686a
1356
ae11
30a9
c200
00e3
708b
6003
fbfa
6688
e001
008d
5440
2018
ae3c
3708
8828
00e7
fad4
62cf
1e78
a306
e8cc
003f
0c83
0008
b080
5189
fc81
00cb
251e
62d0
0e78
2ff4
fff7
0040
f200
8c5a
3bfe
8f08
8629
00e7
fffc
67f3
1081
8f20
fd97
00c2
6eb4
6091
2e3c
ffa3
c410
0063
ff21
0272
1c12
2ff2
947b
0000
0103
40c2
8886
2ffb
2023
00c1
8640
c317
28dd
37f8
c002
00ea
0052
0014
0000
0000
0000
0000
ffff
0833
2690
ff61
0060
0035
1202
8c00
5bfe
78a0
9019
00b2
d080
816f
05e2
fe86
0002
00e8
e8c6
0170
2140
4005
0001
0000
7ffc
dda3
10dd
b7e8
eb0f
006d
7841
c13a
aede
ffd0
f442
00bf
07d4
00d6
1e9c
9f00
f4af
00bf
fd3c
210f
28dc
2080
a048
00bf
bf70
2470
60c0
9a51
fd97
00c2
69dc
4111
0678
fe94
200a
0008
e105
00f9
0882
fe94
fd96
00c2
69d0
0013
18a4
9f20
860f
0067
ffda
33b3
4011
d684
e8ce
00bf
bf79
1fb0
00c0
9418
0001
0060
ffb1
f433
0401
8000
fffd
00cf
f403
185f
0a83
a78c
00c1
0036
ffff
18f3
17fd
a0c6
c30a
0069
fe46
0433
1200
b100
41be
00a8
8812
0d17
6b62
fc90
208a
005e
1433
8c60
2b61
7882
9905
00b6
8802
d957
ec2f
3526
fffd
00cf
f405
809f
0e78
9f18
0001
0060
0c83
18c7
11a5
a0c6
f918
00cf
000b
b14a
0cff
6001
c51a
003e
ff20
47b2
2809
2ff2
2027
0081
9005
2822
95e3
5301
2015
0088
ffb8
0232
6812
3fe0
003f
0098
e884
0030
0182
8000
fc89
00cb
4809
c820
ecbf
0251
2a52
005e
7900
8d3a
05e2
9f20
4003
000a
9005
8122
55e2
2080
fee2
00cb
4808
2120
4c3a
5080
1910
00ae
9131
c915
0cff
200f
0000
0060
fffe
b133
5f18
0bf6
a503
0045
fffc
c3f3
68c3
9a01
2005
0008
9000
0022
0082
2102
7f7e
0008
91a0
0515
5e68
0bf6
a49b
004d
1000
4722
f564
21ec
2002
0008
0000
0598
5e68
0bf6
a45b
004d
1130
4522
f564
21ec
2002
0008
0000
0598
5e68
0bf6
a41b
004d
0801
bfa2
c887
5918
b201
0061
a016
9219
1ae2
990b
fd96
00c2
68f6
c911
0cff
4010
5208
0020
ff21
6232
0412
8000
8009
0008
1898
c855
8cbf
0498
0001
0060
0c61
0009
b600
5198
fc85
00cb
4988
0010
3600
90c6
0000
0060
1887
0075
1086
2ff4
2623
00c1
400a
d097
8cbf
0498
fc84
00cb
4988
0010
0600
8000
67a9
0054
1801
6b22
0564
9b20
0001
0060
1081
0009
e600
5208
945b
0066
4009
0097
2ebc
3700
fd96
00c2
6856
6093
0678
8000
fff9
00cf
c721
0050
1880
fe94
67d8
0054
b201
0019
1600
9108
0000
0060
208d
0255
05d0
af80
e003
008d
bf65
0d30
04da
9f18
0001
0060
fffe
e873
1431
2000
a506
003f
19f6
0015
00a4
ffdc
4614
0056
688b
fd38
059a
8f10
0001
0060
fdc0
0d2f
05a0
2100
4426
0056
1fdf
0022
0082
8000
8051
00e6
bf65
12b0
04da
2900
eb0c
00ec
3e81
903b
4bfa
37f8
ec10
00ec
770a
14a3
0500
0000
0000
0000
0022
4048
53ff
5108
fff3
00cf
8000
00c2
25a2
fe80
2200
00e8
0052
0014
0000
0000
0000
0000
ff20
32f2
4811
67ff
fc81
00cb
44d1
f610
1cff
046e
0000
0088
ff40
e5b2
2811
4005
0001
0000
ff20
32f2
6011
7000
d801
003f
ff00
000f
0000
0000
0000
0000
43ff
fff3
cfff
3fff
6e9f
008b
e054
0097
9086
8082
1f1b
0058
4180
1418
73ff
0150
f182
00bf
87c2
80d6
0805
f257
2a7c
00b5
2632
812f
f5e0
d4c7
921e
00bc
83ff
d8b8
8c2f
50c8
8e0c
00bc
c031
813b
25e2
4005
0001
0000
ff91
34b2
4811
fe81
a0b6
00bf
68cc
0016
2882
2000
20c4
00af
e8a2
004f
1880
2080
a54e
005b
a0b0
c855
1cbf
0208
2013
0008
fffc
2073
8888
3ffd
22d3
0001
ff43
0033
2960
2ff4
8207
00c0
bf65
9030
845a
2ffb
22d3
00c1
fffc
fff3
911f
2ffb
22db
0081
0001
0002
5882
0bf6
9d3b
0045
fffc
4833
0008
ab45
fc84
00cb
2002
0130
c082
3fff
800b
0088
ffd8
2d33
3012
3ff4
0003
0096
ff42
00b2
5c08
0bf6
a833
0045
ffb8
2d32
cc12
3fff
ffff
0011
ffb9
2db2
1812
2000
00bc
005d
ff21
2072
4c08
2080
fff0
00cf
2081
f622
4cff
048b
fd0c
00cf
4000
d0a5
1cbf
0208
fd97
00c2
69e2
ee11
4cbf
048b
fff3
00cf
bfff
ee44
6cbf
048b
0006
0008
0800
d962
0c2f
166f
fff1
00cf
2100
1400
12ad
2ff2
800b
00c0
0804
ff02
2cff
2200
ff62
00cf
48b4
d0c0
0cff
5400
fd0a
00cb
2002
d970
ec2f
169a
fee1
00cb
48b4
ff30
fcff
4bff
fee4
00cb
48b6
0060
2080
4005
0001
0000
e80d
04ef
aae0
9061
0009
00ae
fd03
280f
4ce8
8000
6806
002e
03c2
6021
13fa
829e
fd96
00c2
66cc
6b91
0a01
2080
a708
00bf
1ff8
0042
5882
0bf6
9afb
0045
1ff8
7082
0bfa
fe98
2034
0088
bf65
e0b0
6459
21ff
c04e
0064
2da2
0208
5882
0bf6
9ddb
0045
1ffc
04e2
264c
83da
d444
00e4
bf65
dab0
e459
21ff
a68a
003f
e940
026f
8082
2080
fd96
00c2
b3ae
fe16
2087
fe9c
a502
003f
0482
1979
2221
2ff2
2027
00c1
3000
0022
0890
7865
4001
0088
2000
c962
ecbf
0251
1942
005e
5908
eea2
8cbf
0480
a297
00c3
0800
0003
888e
2290
1842
005e
189f
f615
5cff
042c
0002
0009
6010
002d
008c
9018
e001
0008
0087
0034
0088
2280
0056
005d
2800
11e2
3bfa
7401
a001
0088
e846
042f
45c0
fe84
a11e
003f
0000
0018
688a
fe84
002a
005c
e848
112f
73fa
fe84
a000
0088
e848
110f
7bfa
fe84
a6d8
0054
8e12
27eb
6d40
b8c0
301c
00ae
9019
0c4b
3ae1
b8e2
8040
00ce
0080
8820
8ce8
2000
a098
00bf
e841
19cf
bbfa
b883
2114
00ae
f030
c8ce
0cff
4080
fc92
00cf
0020
1903
3a04
8002
fd96
00c2
65ee
1891
0a04
fe92
fff0
00cf
f555
0063
6082
7401
40e1
00ae
a000
1033
3100
3ff2
0403
0098
88f1
0d09
aae2
b884
c0c0
00bb
ff24
0033
0141
1191
008e
0020
1484
d968
0c2f
165c
4189
00a0
0801
ff02
acff
3faa
a482
003f
2800
2802
2bfa
4005
0001
0000
ffd8
8a33
081f
3ff9
023b
0000
ff90
0cb3
cc00
b84a
8000
00b5
e84b
010f
5b58
0bf6
999b
0045
4011
0179
c082
3fff
3fff
008c
e942
ff0f
fcff
30ff
fd96
00c2
6656
0351
1882
9401
a509
003f
9603
d96b
8c2f
1664
fc81
00cf
0078
e1ea
3887
9401
a509
00bf
0801
e1c2
5887
0bf6
cc6f
005a
0809
04e2
2650
fe94
0000
0000
7ffe
0b23
159c
2000
f410
00bf
7770
0343
1bfa
2000
99fe
005b
698a
0055
f880
6eee
a035
00bf
0001
0002
2882
2100
a60c
0055
ef24
0356
53fa
0bf6
98f3
004d
7800
6423
255a
6f03
a001
0089
0001
0002
0882
2100
a624
0055
ef18
0356
1bfa
2000
2000
0088
1003
60c2
255a
6ef1
a035
003f
ff27
e1f2
f811
267f
6002
0089
e219
a017
00dc
fe9c
2022
0088
6988
5895
0bfa
21ff
fd96
00c2
65ce
0013
509a
0bf6
97f3
004d
fd50
612f
255a
6f01
a001
0009
9461
203b
067c
8000
1185
001c
c042
084f
f96c
3fff
8167
0029
22c0
8c3a
15e0
a2d6
0000
0088
e641
0016
b882
5690
4001
0088
0001
0002
a600
6eee
a035
003f
0000
60c2
e55a
6efd
a035
003f
f180
2039
0678
8000
3085
0010
0000
6198
f542
9e08
0001
0060
0c21
0005
b600
5098
8c01
006a
ff20
0272
0c12
2ff2
947b
0000
6914
4502
8882
2ffb
2023
0081
8240
c417
08dd
4005
fe09
008d
e9a0
000f
0600
0000
0000
0000
7776
80e3
5e40
0bf6
97a3
0045
7a84
fe3b
a0df
ffd0
a202
003f
ff20
6cb2
1418
2280
fffc
00cf
9425
0153
01e5
8000
a619
0054
0001
d962
8c2f
365d
a019
0089
414c
6217
fcff
8ffe
ff62
00cf
42ca
9050
ab58
8908
0000
0060
bf72
50b0
0040
9120
c00f
000d
7882
4123
90dc
4008
000b
0008
a305
0019
e600
3fff
2507
00c6
7900
ffba
1cff
19b5
314d
00af
7146
10ba
5af3
a790
9e57
0059
fffe
c473
1c62
a794
6247
0026
e9a0
202f
2e7c
a710
c801
00e7
ff46
2732
2418
2ff4
827f
0001
a204
0019
2600
8908
0000
0060
209f
00b5
2080
6f5c
c801
0067
0000
0358
63fa
521a
2001
0088
01a5
00b5
0080
2100
ff62
00cf
44d2
4ca0
25bd
2ff2
2027
0081
ff21
47b2
1809
7809
c415
00e9
6800
0c62
55e0
9e20
005b
005c
6902
0062
25e0
2190
fee2
00cb
4808
2130
1c3a
0080
8818
00e6
0800
b3c2
e599
3fff
1e1b
00c4
70c0
205a
8e9c
9905
8000
00e7
6800
2042
8678
2ffb
139b
0001
0032
ad22
25ba
9e28
c807
0067
fffc
fff3
e0ef
810a
fd96
00c2
646c
1391
cae7
3fff
8c03
0000
ff24
0033
4890
2080
0028
0088
7083
a8d5
55ba
9f28
8c1b
00e7
9c41
05eb
22e7
1210
7dd6
0008
8a03
15eb
42e3
3a0a
0023
0080
ff25
2033
5940
0bf6
9113
0045
1144
ff28
0cff
0231
5208
00a0
0804
a082
6e78
b9c4
c806
00e7
fffc
c033
4008
3ff2
0103
0098
0804
1142
4ae2
b8a5
fc90
00cf
0020
4425
584a
0bf6
906b
0045
1485
5928
2206
810a
7c3e
0008
bf65
1030
04d9
2080
9a9a
0059
7080
0043
28dc
2000
0510
00cb
0013
a030
0678
8000
fc91
00cf
c0ff
9624
1ae2
9e28
4291
00a0
00ac
c917
0cff
4ff0
4290
00a0
5100
aeda
05b9
2080
9a4a
0059
7883
0103
28de
2000
0514
00cb
0014
80f0
3678
9f08
8013
0067
ff25
f3f3
497f
b884
5210
00a0
f202
5f19
4048
8148
fc90
00cf
feff
ffe4
8cff
d200
4011
00a0
3447
8018
0668
8000
fc91
00cf
c0ff
0904
4a04
9f20
022b
005c
ff24
c033
097f
2680
5210
00a0
5100
beda
059c
2080
ff60
00cf
44d2
0000
4888
2c34
004f
0040
ff22
3632
1011
8344
a001
0061
e80d
2e0f
1a60
8345
fc89
00cb
44d6
0000
7600
f621
fc94
00cf
ff00
5fe5
2694
2ff2
136b
0001
0000
2818
2a04
2ffe
ffff
00c1
8438
c889
bcbf
044d
0000
0060
6207
c84f
0cff
4ff0
d106
0060
ff22
3732
0411
8000
5211
00a0
513f
105a
0e0d
2200
8800
0066
ff20
3672
8011
9903
ff8a
00cb
7fff
c890
7cbf
044d
0000
0060
6207
c84f
0cff
4ff0
d106
0060
ff22
3772
0411
9a30
5211
00a0
513f
501a
8e94
998b
fc88
00cb
44de
0000
7600
f621
fc94
00cf
ff00
5025
2694
2ff2
137f
0081
003d
0017
4600
810a
4402
0069
a005
4a39
05b9
2680
00d6
005d
e514
5116
3cb0
0001
a003
0009
002f
4f17
4048
8100
4402
0069
a505
0079
3082
8698
00cb
0058
a9f4
ffa9
1cff
2a15
a781
003f
ea00
662f
e599
3fff
0d07
00ca
e985
788f
4bfa
fe9a
fff0
00cf
2068
d960
ac2f
161f
fff1
00cf
2060
0060
0884
7a00
7ff9
0088
0802
8002
6bfa
3780
968e
005b
e9e0
002f
8882
6801
f00d
00e1
000c
14d7
0e94
2680
4050
0069
a205
2f39
059b
8000
4061
0026
6800
00e2
15d0
2680
ea10
00ec
770a
1423
8500
37f8
a682
003f
0000
0018
0000
0000
0000
0000
e823
0bef
0220
8000
fdc1
00c2
008e
f611
4cff
042d
1852
002e
6000
242d
0042
9000
2011
0008
0081
ff34
0cff
0231
0208
005d
1fef
d962
0c2f
3626
01f9
005d
861d
d96b
8c2f
1625
fc85
00cf
2000
0162
c082
3fff
7fff
008f
fffc
dc33
3008
7407
fc81
00cb
40f8
0080
0082
8006
fd96
00c2
623c
0151
fae0
21fd
fc80
00cf
0020
ff22
0cff
0238
0198
005d
ff20
5332
2010
2080
0180
00a0
bf65
88b0
5458
b800
7f7e
0008
ff20
0833
c880
3fff
8e83
0000
4059
c817
ecbf
040c
2014
0008
0060
d968
8c2f
1620
0015
00ae
1fdf
c802
0cff
2002
fff2
00cf
2380
1300
05d0
2ff2
048b
0001
0805
1802
5a00
0bf6
87bb
0045
8005
f7eb
0087
3ff2
0083
0088
fffc
e833
f008
7403
1875
00ae
bf65
76b0
1458
3ff2
8003
0088
0805
ff02
fcff
3dff
fff2
00cf
2320
0d00
05d0
2ff2
0143
0001
0802
1802
5a00
0bf6
86fb
0045
8005
f7eb
0087
3ff2
0083
0088
fffc
cc33
7008
7402
fc81
00cb
40a4
0080
0082
8006
fd96
00c2
61a4
0151
fae0
21fd
fc80
00cf
0020
ff22
0cff
0235
0068
005d
ff20
09b2
5010
2080
0180
00a0
bf65
62b0
5458
b800
7f7e
0008
ff20
0833
c880
3fff
8cc3
0000
400d
c817
acbf
0407
2014
0008
0060
d968
0c2f
1617
0015
00ae
1fdf
c802
0cff
2002
fff2
00cf
2350
d940
bc2f
7b0c
0001
0000
777e
40e3
5bff
0bf6
8103
0045
7000
0023
c082
3fff
8003
0000
e080
0039
3080
a185
f4c3
003f
c001
0532
2400
3770
10f0
0026
ff41
0033
1048
3ff2
c3ff
0007
ff41
4033
1040
3ff2
fc03
0087
0050
0bd4
0aa1
a004
6255
006a
0004
8179
10c0
b914
0009
0022
0000
65d8
3d40
ffd0
6004
0009
fd94
4033
1837
b904
fb81
00cf
0100
5840
628b
5018
0003
0008
e941
d96f
8c2f
3600
0011
005d
e941
d96f
0c2f
3607
c011
0064
0000
0018
112b
a294
07b4
0054
0000
14a2
0500
0000
0000
0000
0005
61d9
0640
3fd8
7403
008b
0106
b859
0cff
1010
2188
001e
098c
c0d5
fcff
1fff
918c
003f
0885
0035
5082
0bf6
7f33
004d
400e
d957
ec2f
35fe
002d
005d
ff03
fff3
307f
fe46
2214
00d4
0800
d942
6c2f
3602
000d
005d
bf65
2a30
04d8
2000
014a
0050
0106
4159
f641
a080
0020
0022
0000
2358
1540
a080
0046
00e8
0012
22a3
1544
3018
4512
0050
e940
2b2f
15b9
8260
a507
0028
0000
0322
15d0
a809
0007
0088
0802
d962
4c2f
3612
0009
0088
e841
d96f
ac2f
3611
0015
0008
0052
0014
0000
0000
0000
0000
0185
0123
1640
b8dc
07bd
0028
b9e0
b806
9cff
3003
fc80
00cb
251e
c820
9cbf
0480
4017
0088
86a0
0497
5546
2080
fee2
00cb
4808
0860
0c3a
3080
0000
0060
1000
0262
f5d0
a3de
3086
00ee
1186
7015
fbfa
680a
a009
003f
39c1
208a
855e
510f
a101
00bf
0052
0014
0000
0000
0000
0000
0205
6199
8640
2083
4180
009a
0c40
0009
0121
8080
0000
0060
008c
c815
9cbf
0480
fc86
00cb
251e
1400
5500
2180
fee2
00cb
4808
0170
0880
7804
0001
0060
102b
f66a
3cff
042e
ff60
00cf
6014
0070
1a83
a001
9049
00b5
6241
d9ad
4c2f
6005
004c
000c
fee1
0b33
0000
8000
fdc1
00c2
004c
0001
0648
8000
0205
0050
ff20
6cf2
8818
7404
fc81
00cb
61b4
1160
05d0
2ff2
89df
0081
4042
c817
8cbf
0627
00fe
005d
ff20
d372
c818
7403
fc81
00cb
634e
0e60
05d0
2ff2
1fcb
0081
4036
c817
3cbf
047f
00ce
005d
ff20
fdb2
0811
7403
fc81
00cb
47f8
0b60
05d0
2ff2
1fe7
0081
402a
c817
dcbf
047f
009e
005d
ff20
ffb2
4811
7402
fc81
00cb
4801
0860
05d0
2ff2
200f
0081
401e
c817
4cbf
0480
006e
005d
ff20
f9b2
8811
7401
fc81
00cb
47e7
0560
05c0
8000
0001
0024
ff20
0a32
0812
7401
fc81
00cb
4866
0360
05d0
2ff2
20a7
0081
400a
c817
7cbf
0486
001e
005d
ff20
1bb2
4811
7400
4001
0064
2001
4078
18c4
3088
1084
0028
0000
14a2
0500
0000
0000
0000
ff20
4d72
e812
3777
f40a
003f
ff20
0032
0809
2300
ff6a
00cf
60b0
5e60
05f8
2280
c002
0069
fd43
85af
05fc
fe8a
fd96
00c2
5f54
0053
cbfa
3fff
8c03
0000
1ef5
0032
1b40
fe8a
08c2
005e
088a
0035
50dc
0bf6
7a93
004d
e080
0039
064c
a184
0081
0018
18c1
002a
15e0
3198
5286
0028
2201
0003
2880
3770
464e
00e8
0052
0014
0000
0000
0000
0000
00cb
dfaa
60dd
3fee
00cb
008c
7ffe
0103
2bfa
fe82
fdc4
00c2
00ad
f611
fcff
0430
4002
0009
6060
600d
0640
2000
021c
00d0
8464
d008
3cbf
061b
4423
0089
8671
c897
9cbf
0480
fc83
00cb
251e
a420
f5e1
7009
2421
0088
ffb8
0232
5812
0e8a
2003
000c
0000
0818
5bfa
0bf6
d51b
004d
e80a
256f
55d0
0bf6
d933
004d
e80a
246f
55d0
0bf6
d9f3
004d
e80a
236f
15d0
2000
fd96
00c2
763c
0293
8bfa
7408
0005
0088
bf65
9ab0
a4dd
fe80
020e
005d
ff40
fcb2
1c11
7408
fd01
00cb
47f3
1fb0
05d0
2ff4
1fdb
00c1
407b
d017
8cbf
047f
01e3
005d
ff40
fe72
5c11
7407
fd01
00cb
47fd
1cb0
05d0
2ff4
1ffb
00c1
406f
d017
1cbf
0480
01b3
005d
ff40
00f2
9c12
7406
fd01
00cb
4804
19b0
05d0
2ff4
1f9b
00c1
e820
faaf
a5b9
fe80
fd96
00c2
5d04
0011
18dc
2000
fff0
00cf
2001
0021
06bc
9e60
fd97
00c2
5cf4
0011
0880
3780
e000
00eb
fffc
0373
0048
9f68
0003
0008
7001
d963
0c2f
15ce
fffd
00cf
2c2f
ff3d
dcff
1200
fffc
00cf
42cf
007d
16bc
9e10
d60d
001e
fffe
4c73
2421
78c4
0000
0060
10bd
0015
1880
2080
46f2
0055
e86c
0296
8bfa
7403
1101
00a4
ff41
f9f2
6811
7403
11c5
00a2
0032
d017
8cbf
0482
4017
0089
8671
0017
1600
8847
00ae
005c
ff40
19b2
5c12
2500
19c6
005e
0000
1918
4a21
7002
fd01
00cb
4829
0170
1894
7867
0001
0060
8464
0768
05c0
2ff4
219f
00c1
5005
9c62
05e1
8000
1189
00a2
0016
d057
ecbf
0446
4016
0089
8671
0017
3600
8846
003e
005c
ff41
0732
5819
2500
19c6
005e
0000
d058
7cbf
0436
0022
005d
ffd8
0533
0818
2500
8100
0035
0040
c09a
08dd
4005
fe09
008d
e940
000f
0600
0000
0000
0000
ffd8
4db3
c812
3fff
79d3
0081
f6e2
0017
1e80
3000
fff0
00cf
5c14
ff20
0cff
15c3
fee2
00cb
4936
ff00
0cff
05c7
fff2
00cf
5c90
ee21
8cbf
0493
fff0
00cf
5cb4
ff20
ccff
15d2
fee2
00cb
493a
ff00
8cff
05a1
fff2
00cf
35dc
ee21
acbf
0494
fff0
00cf
35dc
ff20
8cff
15a1
fee2
00cb
494c
ff00
8cff
05e7
fff2
00cf
5c50
ee21
8cbf
0496
fff0
00cf
5a18
ff20
8cff
15a1
fee2
00cb
4946
ee00
8cbf
0494
fff2
00cf
35dc
ee03
ecbf
0494
fff0
00cf
5e78
ff20
8cff
15e7
fee2
00cb
4962
ee00
4cbf
0496
fee0
00cb
4966
ff20
ccff
235d
fee0
00cb
4950
ff30
ccff
035d
fee0
00cb
4952
ee10
6cbf
0495
fee1
00cb
4958
ee10
acbf
0495
fee1
00cb
495c
ee10
ecbf
0495
fee1
00cb
4960
d010
4cbf
0495
0142
0050
ff40
5ab2
0012
2ff4
25b3
0001
0001
14a2
0500
0000
0000
0000
0003
0019
0600
3fd8
ff4f
008b
0007
0902
e160
3777
fdc8
00c2
005a
f603
1cff
0434
4007
0008
6211
000d
c644
3fff
0edb
0005
0081
0034
5080
0bf6
7eb3
004d
404d
d957
6c2f
35da
fc8d
00cb
44ab
0010
0600
3700
e294
0054
bf65
7e30
04d7
2ff2
12d7
0041
0000
0818
09a0
2ff4
12d7
0081
019f
0015
5e78
0bf6
759b
004d
e000
0019
8600
980d
0000
0060
3091
0015
58dc
0bf6
775b
004d
ff20
2d72
0411
8000
0081
009a
ff40
2d72
d811
5018
8001
00e7
bf65
50b0
f4d7
a18c
0000
0060
31f1
03d5
0a87
2ff4
12af
0001
2000
0862
15d0
2ff4
12ff
0081
2000
07e2
05d0
2ff4
12ff
0081
2000
06e2
05d0
2ff2
12af
0081
2000
04c2
4e80
7001
fc81
00cb
44c7
c820
ccbf
0600
0029
0062
0053
037a
05c0
2000
0053
00c0
2000
0002
6600
9008
8003
0008
0005
d019
1cbf
044a
fd02
00cb
600b
2010
2bfa
3770
014a
0050
777e
11a3
03fa
8f60
a003
0088
7ffe
1083
1925
2280
a064
00bf
ffff
0973
0ce5
a794
c093
0054
5803
0022
089a
78c1
a161
00bf
8c00
2857
3246
2580
a002
0089
8a11
1617
1bfa
78a0
a651
0054
1962
0009
689a
3fe5
0013
0090
9601
0057
18b0
7960
6631
0055
18a3
0149
b89a
fe8e
2842
005e
e8e2
3e2f
0bfa
78a1
a001
0089
c001
8462
05e2
8000
a639
0055
d5f4
0356
0bfa
feb2
c202
0067
1000
58e2
43fa
feb0
a61e
0055
d038
0356
4bfa
2001
0212
0057
e624
c016
2e1e
3770
0142
0050
7f82
6823
03fa
8000
0001
0000
7774
ffa3
50df
8f68
f803
00e3
fd04
44ef
7bff
5002
8001
0088
fffc
bd73
0aec
7801
4019
008b
8000
2857
0240
2200
f92e
00cf
0008
8074
c5e2
3fff
cbd7
00ae
8a01
6517
254a
900a
fc8c
00cb
4809
0020
58b4
2200
2942
005e
5800
0022
1888
2ff2
947b
0080
8a60
0157
8886
2ffb
2023
00c1
e8c6
0030
c142
3fff
cbd7
00ae
8a01
f617
ecff
044c
8000
0035
0280
dcb9
ac2f
2005
0000
0060
ffb2
c433
05c9
2200
4002
0009
f2f6
422f
68a6
0bf6
0133
0008
3000
43eb
90aa
80a0
0001
0008
ae25
ffec
6cff
c636
5315
0020
faa1
258f
054a
2ff2
947b
0040
ff40
ff72
1c0f
8f08
fdc9
00cb
fffe
6021
5ebc
0bf6
78ab
0045
f082
e0d8
ce3c
210a
fc88
00cb
4809
ca70
ecbf
0251
8420
0008
ffbc
0232
0c12
78a3
a589
00bf
eb43
6b6f
2548
2ff7
fffb
000f
0000
9118
3b41
600b
08e1
003b
fc80
05cf
1cf0
f800
804b
003e
6428
ffee
4cff
c782
4291
00a0
fc06
000f
8880
210b
ea8c
00bf
2098
0035
0088
2ff2
947b
0040
ff40
ff72
0c0f
af20
fdc9
00cb
fffe
6062
263c
8f10
fd97
00c2
5dcc
00d1
463d
8f30
fc89
00cb
4809
cab0
ecbf
0251
843c
0008
ffbd
0232
0812
78a3
6c01
0068
2941
606a
00c6
87f0
ed17
00e1
770c
1423
2500
37f8
a202
003f
0000
0018
0000
0000
0000
0000
1801
0062
1084
48c2
2002
0012
0401
0028
0880
4005
0015
0088
8201
0017
0600
0000
0000
0000
777a
ff23
10df
b7b4
fb07
00ed
1801
2042
1e9c
a780
f437
003f
f602
13f8
0a81
af80
0003
0008
ffff
1633
14e3
e98c
2002
000b
fddb
000f
18dc
ffdd
061e
0054
f101
c879
03fa
9f00
0315
0050
e100
c879
1299
9e18
c801
00e6
b200
3cf9
35e1
4e46
4c08
009a
1302
08e7
f5e1
519e
d887
0060
6041
01a9
1570
a084
e202
0069
0000
3958
2540
87b0
fb07
00ec
7f84
d043
6ece
3770
014a
0050
ff20
25f2
1811
2100
fd00
00cb
448d
f360
05cf
2ff2
11e7
0041
fffc
fd33
8817
3ffd
1237
0001
8000
00ba
23fa
2ff2
947b
0080
ff21
0272
8c12
2010
0a86
005e
0916
4215
988a
2ffb
2023
0081
e863
0070
0042
8000
2189
0024
1080
8c39
05e1
2ff2
120f
0081
8630
c857
7cbf
0449
18c2
005e
8021
0026
0880
7860
1105
009c
0040
903a
25e1
4005
0001
0000
8cc2
0168
f3fa
3fff
0083
00e8
e824
002f
f5e3
3fff
0083
00e8
8c01
0417
0b48
78c0
0001
00cf
0000
00a1
1bcc
78c2
8041
00b4
ffff
8033
1914
78c0
0141
0050
a030
000d
0600
0000
0000
0000
fc02
08af
1223
b100
fffe
00cf
0403
807a
65e0
3fd8
003f
0080
1001
886b
f5e0
a0c0
2012
00b6
8220
0117
0b62
d267
0842
005e
1433
0ce0
1805
7822
99c1
00b4
ffff
4633
1994
7820
0141
0050
c630
000d
0600
0000
0000
0000
f601
84af
13fd
c422
1104
0031
f801
ffef
8cff
4210
e000
00bf
ffff
8033
0110
8000
4405
0000
fffc
0033
e020
4889
8001
0008
ffff
0833
5ffd
7860
0205
00a8
ffd8
3133
5812
7860
0901
00b6
1000
0122
15d0
a084
0004
006e
0000
0018
0161
8000
0611
00d4
fee2
0c33
8000
501f
f921
00cf
001f
f000
9cff
0c0a
0000
0060
c000
8033
5000
3803
0100
001a
0052
0014
0000
0000
0000
0000
0800
d962
8c2f
1577
fff1
00cf
2000
dea0
40dd
3700
8610
0067
ff41
0332
3412
3ff0
0683
0000
0000
6998
3540
3ff0
06c3
0080
ff03
ac33
c044
2105
06bc
00d4
0000
1782
0884
0bf7
011f
004c
ff03
3033
d014
2105
06d0
00d4
0000
c802
ecbf
0251
417f
0008
ff21
0332
5c12
0bf6
6f03
0045
f080
d03a
dcbf
03ff
e8c9
00bf
f101
c818
9cbf
0480
fc87
00cb
251e
0fe0
c5c0
2010
6430
0088
ffb8
0232
0c12
7824
fc81
00cb
251e
0030
b880
2105
fc84
00cb
480c
d970
2c2f
15b9
c201
00eb
ff40
ff72
240f
ffa3
c406
0063
0000
0a22
05d0
2ff2
947b
0040
ff21
0332
5c12
0bf6
6de3
0045
f080
d03a
dcbf
03ff
e8c9
00bf
f101
0018
b880
7401
fc81
00cb
251e
c850
ccbf
0480
fd97
00c2
5b5e
2011
0ebc
2ff4
fff7
0040
fa32
406f
063c
2000
003a
005d
ff20
47b2
1409
2ff2
2033
00c1
bf65
d130
0456
af08
fd03
00cb
3ffd
8c90
1bfe
8f10
0001
0008
7706
14a3
0500
0000
0000
0000
777a
f623
3cff
0498
d808
00e3
1800
9062
85f8
fe81
80c4
0060
ff00
6833
08c0
3ff0
06c3
0010
0c83
0028
8ac0
2ffb
1fa3
0001
0000
dbb3
8828
2ffb
23db
0081
0000
8673
881d
2ffb
23db
0081
8720
0017
2888
2ff4
1f9f
0081
2800
d082
acbf
047e
6002
00cc
6666
0020
0cc8
09c4
1842
005e
ff42
faf2
8c11
b002
6002
00cc
5555
ee60
8cbf
0609
1883
005e
ff42
fb32
0811
3200
bb83
0080
ffba
0432
1818
7860
fee1
00cb
4794
0320
cac0
3fff
800f
0088
8601
c857
3cbf
0200
ff63
00cf
48b4
0040
3080
3ff2
fc0f
0097
ff42
00f2
5c08
0bf6
6473
0045
ffb8
2d32
3c12
2270
fee4
00cb
48b6
0120
2082
2ff2
800b
00c0
0804
ff02
2cff
4200
ff62
00cf
48b4
19c0
1aa5
2ff4
800b
00c0
bf65
3db0
9456
2ffb
22d3
0081
17f8
ee02
6cbf
048b
0007
0008
ff21
0372
4c08
2080
fff0
00cf
200d
f622
4cff
048b
329c
00aa
ff42
0372
5c08
0bf6
634b
0045
ffb8
2d32
8c12
227f
fee4
00cb
48b6
0060
0080
2180
c002
0089
0015
f697
9cff
0433
ff66
00cf
6014
0010
5600
5208
0801
0065
0000
2258
6500
7400
a701
00bf
1985
2015
7e4c
6fbf
a00d
003f
39c1
806a
10c8
3198
fbb8
00cf
0038
0004
6600
5208
f671
00cf
fff1
1be8
6546
8908
0000
0060
0000
0033
88c0
2ffb
86cb
0081
770c
d316
ecbf
061b
2006
0008
ffb8
6d32
3c18
b040
0004
0088
0803
c062
25bd
2ff2
801f
00c0
0804
ff02
7cff
4200
ff62
00cf
48b4
c940
ccff
3c71
0006
0008
ff43
0833
18ce
2ff4
801f
00c0
bf65
1430
9456
2ffb
22d3
0001
ffb8
2db2
cc12
3fff
1c73
000b
07d6
0033
8b88
2ffb
1dbb
0081
0fd6
4033
6389
307d
8007
00b8
ffb8
dc32
8811
3ffd
31fb
0001
07d6
0133
8b88
2ffb
1dcb
0001
07d6
0173
8b88
2ffb
1dd3
0001
07d6
0273
8b88
2ffb
1ddb
0001
07d6
0373
8b88
2ffb
1de3
0001
07d6
03b3
8b88
2ffb
1deb
0001
07d6
0533
8b88
2ffb
1df3
0001
07d6
0a33
8b88
2ffb
1dfb
0001
07d6
0c33
8b88
2ffb
1e03
0001
0118
1433
8c08
2ffb
1e0b
0001
07d6
1833
8b88
2ffb
1e13
0001
0118
1c33
8808
2ffb
1e1b
0001
07d6
2033
8b88
2ffb
1e23
0001
07d6
20b3
8b88
2ffb
1e2b
0001
07d6
4033
8b88
2ffb
1e33
0001
07d6
6033
8b88
2ffb
1e3b
0001
ffb8
e432
6c11
307d
9003
00b8
e802
ee17
2cbf
0479
0004
00ea
0022
f603
ecff
049a
6002
0088
f302
80d7
ecb0
0001
fd94
00c2
6972
60d3
5540
0bf6
a2d3
004d
1001
d962
0c2f
16a5
0001
0088
f000
465a
1c9c
0000
fff2
00cf
3400
0081
5884
0bf6
a8fb
0045
0001
2022
0c9c
0000
c46c
00c9
0001
ff30
0cff
1360
fd94
00c2
58ba
0053
2888
2ff4
12ff
0081
1800
d062
bcbf
0600
f04f
0059
ff41
03b2
0c18
2200
fd0a
00cb
44a1
f000
ecbf
0455
ff62
00cf
46e2
0000
1880
feb0
5efe
005b
0001
c062
cbfa
6d7b
ff61
00cf
488a
ff30
0cff
327e
d016
005f
f630
206f
06e1
fff0
3186
0028
0100
001a
5884
0bf6
50fb
0045
fffc
4033
0009
2080
c008
008d
bf65
04b0
c455
3fff
9403
0000
0801
6082
5e78
0bf6
509b
0045
fffc
4033
8009
a8c5
c20a
00e9
0801
0082
5884
0bf6
505b
0045
fffc
4033
0009
2080
4008
0088
bf65
02b0
c455
3fff
9403
0000
0800
c082
6e1e
3770
014a
0050
ff24
fe32
800f
203e
fc20
00cf
cafe
fc08
30df
5418
ddcb
000d
e2e8
0016
3880
b042
fd96
00c2
3bb6
f611
2cff
0439
2006
0089
ff44
2ff2
1411
2400
fd12
00cb
600e
0040
4890
2ff4
0e4b
0081
5000
f642
0cff
0670
a501
00bf
bf65
40b0
04d5
2080
021e
00d4
fd94
c033
0008
9310
fd97
00c2
5424
5053
a28a
3fee
0403
0020
1981
7c83
4550
2ff2
9003
0000
4802
ff82
1cff
2113
4005
0009
41fa
ff35
0cff
8491
fd10
00cb
480d
d140
bcbf
044c
000e
0009
ff44
3472
4411
2ff4
1b87
0001
4004
d122
6cbf
0479
0014
0089
ff44
e5f2
4011
2ff2
22cf
0001
0000
0018
4600
5418
f7a5
005b
ff40
2cf2
4012
2ff2
22cf
0001
0000
0018
7600
5418
fc81
00cb
480c
9360
05bf
2400
fd12
00cb
48b3
c900
3cbf
048b
0000
0060
4808
6842
4550
2ff2
86fb
0001
ff44
6cb2
8418
3ff0
0683
0020
0000
2298
4550
2ff2
ffe3
0000
0000
c218
ecff
8caf
fff0
00cf
4e20
6080
6550
6e28
7bfd
0088
bf65
06b0
0455
2080
fc82
00cb
4787
4000
3084
2000
76ba
005b
e801
d3a2
2cbf
061b
c003
000b
ff4f
2cf2
4012
2ff2
22cf
0001
0000
0018
3080
5408
fd95
00c2
6af2
c913
2cbf
0498
0000
0060
4802
25c2
4550
2ff2
260b
0001
0000
4058
0248
8000
0629
0055
ff24
60b2
0012
8000
840d
0024
e801
2182
e550
2ff4
260b
00c1
400a
d117
2cbf
0498
fc91
00cb
4982
0000
0600
8000
07ad
0055
f000
0062
88ba
2780
0037
001c
d906
f7a2
ecff
046f
fe40
00cb
48f4
d970
2c2f
1529
e001
008d
0800
4442
8bcc
2ffb
23d3
00c1
fffc
0173
4008
2ff2
803f
00c1
f400
d979
cc2f
1527
e001
008d
0800
4202
4a09
2ff4
803f
0081
fffc
01b3
4008
2ff2
804b
00c1
f400
1779
d5c1
3ffd
13bb
0001
2508
d128
2cbf
0601
fc90
00cb
4798
0000
0600
8000
07f1
0055
ff24
03f2
0018
8000
0001
0060
bf74
0cb0
4041
2ff2
803f
0001
0000
4218
03f8
3fe5
003b
00c0
7201
205a
0679
8a11
9440
0022
232f
2e2a
1550
9e40
ff61
00cf
4357
a050
0358
9140
0001
0060
0091
0bd4
25d0
2c80
00ba
005d
c801
0b22
35d0
2c80
00aa
005d
c804
0a22
f5d0
2cff
009a
005d
cfff
0922
f5d0
2cff
008a
005d
ff24
e672
8811
65a3
0001
0060
2101
d12a
9cbf
0479
3ffc
008b
4019
c917
acbf
0479
005e
005c
cfff
4042
4a88
2ff4
1e6b
0001
ff24
e6f2
0811
7001
3ffd
000b
2101
d12a
bcbf
0479
3ffc
008b
4009
ffd7
78b3
7400
3ffd
008b
4005
ffd7
38b3
7400
3ffd
000b
ff19
fff3
a23f
3780
fdd0
00c2
03da
d2c3
85b8
3ffd
26a3
00c1
ff99
57b2
1411
d639
8486
005f
1f80
2179
10c6
823e
6249
008c
f121
f857
f608
8009
c00f
008d
bf65
6530
0454
28c0
0043
0080
0000
00c2
1ebc
febe
920c
0067
1a05
4503
fa69
bd20
fff8
00cf
434a
0072
e626
5408
6813
0068
5000
f802
5bfa
0bf6
45bb
0045
fd40
506f
128a
fe94
d010
0064
0000
4218
112a
3220
07d8
0055
0002
d962
0c2f
3533
3005
00e1
ffd8
5773
0411
9340
0003
000b
c002
0f22
8bfa
89f0
0003
005e
2101
802a
7e86
e210
fffc
00cf
f728
df33
cc2f
2033
8804
0035
0000
2018
0645
2c00
9420
001e
eb21
628f
1d50
2000
fd94
00c2
52e2
0093
1880
febe
fd96
00c2
52de
0213
00b0
8000
fdf1
00c2
0328
00c3
064c
8000
f601
00cf
ffd3
41d0
0228
2c00
0644
0055
bf65
ac30
04d4
2ff2
86cb
00c1
e808
000f
f600
3fff
d0a7
004f
a508
0007
6600
5418
0007
0008
bf65
aa30
64d4
2c00
0000
0060
bf7c
c3f0
30c0
9340
0001
000b
2817
210e
8e4c
3ffd
156b
0041
6221
000d
0645
8000
80a1
0016
0001
6142
5550
0bf6
4a13
004d
c003
0002
c600
0bf7
0bf7
000c
3403
0019
70b0
e281
c210
00e4
ffd8
56f3
1411
d622
5000
0064
0000
4218
1161
2000
0614
0055
bf65
9830
44d4
2c00
0000
0060
ebe0
df2f
bc2f
302e
fe6c
00cb
455e
d960
2c2f
1522
0001
0060
fd60
00cf
8659
3ffd
1573
0041
2807
61ee
8248
9212
8804
00b5
611f
2015
1645
a325
246d
0055
2129
0009
8600
5499
84ab
0024
4996
4af5
4248
5499
84b3
0024
4992
4b75
0248
5499
84bb
0024
498e
4bf5
c248
5498
84c3
0024
498a
c235
6cff
9003
ff60
00cf
4935
dd30
0c2f
002c
8a05
00b5
fd60
000f
0600
ffd6
fc96
00cb
61b2
c1f0
1a48
7984
0025
00cb
0013
c030
1a58
7983
fdd9
00c2
02b4
ac02
1852
7980
a5a5
00a0
0240
107a
85e6
9212
8524
0024
bf74
aaf0
a4c0
9212
46b6
0055
499e
4af5
4248
0bf7
0a97
00cc
212c
0049
48de
0bf7
07bf
00cc
212d
6549
ed52
9212
c000
008d
bf74
7bf0
fcc0
9212
0000
0088
0800
dd22
9c2f
3020
84c1
00a4
ff08
0db3
8600
3ff0
00db
0020
bf74
84f0
04c0
9630
fdd2
00c2
0248
a283
a5d0
9214
4436
0055
aa4a
000e
d600
9210
c80a
00e9
9440
0097
7e79
7000
0001
0060
f480
4239
0c3a
a060
2008
0009
ff24
6cb2
0018
8000
8589
00a4
2101
0009
4600
5419
940b
0024
ff25
47b2
4809
2ff2
2027
0081
9690
a317
7e9e
2c10
5902
005e
7c06
4238
0c3a
b060
fee0
00cb
4808
4220
0c3a
b060
fdd4
00c2
00e9
9893
d5d0
2ff2
947b
0080
ff24
0272
6c12
2c10
4282
005e
bf74
96f0
e000
2ffb
2023
00c1
e929
8030
0201
8000
0025
0089
5d59
0056
4880
2ff4
86cb
0001
ff4f
6d72
0818
2080
0004
0088
bf65
d4b0
44d9
3700
0002
008b
0098
86d5
a5b8
6c2f
fc91
00cb
61b5
8660
2598
3780
8408
00a8
ff44
6d72
8818
fe81
f104
00e1
7802
e418
ccbf
061b
0404
00bb
ffb8
6e32
8418
cc20
fee0
00cb
61bc
0c30
85e4
203e
825a
005b
bf7c
27b0
60c0
6e81
a061
003f
0001
df02
9c2f
3009
6ef4
005b
0001
df22
6c2f
3009
94a4
005b
0000
df22
2c2f
3009
fd94
00c2
66fa
0113
08dc
2c00
0262
0054
e1f0
57d6
45b9
2ff2
86d7
0081
61ee
0096
10de
a210
fd12
00cb
61b5
0620
13fa
87c4
e00b
0061
ff90
6eb2
1018
ec10
fee2
00cb
61b6
8210
8330
2ffb
86eb
00c1
9030
0197
c8dc
0bf7
01d7
000c
5a00
d3d6
fcbf
0634
fd3c
00cb
6279
0600
0bfa
2800
8122
005f
ffdc
9e33
0018
ffd8
680a
0059
1001
21a2
0678
fea0
0804
00a9
ffd4
35b3
3200
2000
063e
0057
bf65
fc30
84d9
fe81
0014
0008
c189
d955
6c2f
367e
a061
003f
0006
6102
5570
0bf6
9f73
004d
e818
000f
d8b4
3ffd
875b
0041
ffde
9c33
0418
feb4
2002
0088
c1a1
d955
6c2f
368f
c01d
008d
c000
2722
6540
6e57
a2f9
008d
ffc0
3332
8c11
3780
86a6
005b
eb40
a62f
85b0
fe81
c02a
008d
e1a2
1156
4e1e
87c0
b001
0061
c101
3d6e
8636
cc20
6200
00e3
9030
01d7
a679
a6a0
5025
0067
0000
4058
9aa8
a6a0
ad05
00a9
ffd5
1633
26c0
8e90
ff58
00cf
00d6
765d
1550
2000
0692
0057
bf65
de30
84d9
fe81
0008
0008
c19e
d955
ec2f
3676
a061
003f
0004
6642
5570
0bf6
9d93
004d
e818
01cf
4080
5c19
fd95
00c2
675a
0613
83fa
2000
063c
0057
bf65
d430
84d9
fe81
0028
0008
c18a
d955
6c2f
3674
a061
003f
0009
6142
5570
0bf6
9cf3
004d
e818
000f
0600
9610
044e
0057
2341
000a
0600
2000
fd96
00c2
65ac
0013
0880
2080
fd96
00c2
66ee
0053
5880
0bf6
9b9b
004d
bf65
b830
f4d4
2ff4
1f9f
0081
d7f2
d356
2cbf
061b
05fa
005d
2501
4889
e249
5418
fcb5
00cb
251e
c920
9cbf
0480
041a
008b
92a0
4997
e552
2ffb
2023
00c1
e908
8030
0241
8000
05b1
005d
400b
d122
2cbf
061b
fd96
00c2
5278
fbd3
05b5
2000
561a
005b
e818
004f
c080
0bf7
0587
000c
d580
0616
03fa
2000
fdf0
00c2
015c
17c3
35b9
2000
fdf2
00c2
0159
bac3
05b6
2000
2002
0088
bf7c
5570
60c0
6dc5
fd39
00cb
61b2
0c30
d5ec
7414
0029
0089
ff44
6cb2
5818
0bf6
48eb
004d
d7d0
0016
7880
6d56
a061
003f
0001
df02
2c2f
3014
5584
005b
e818
012f
08de
0bf7
04ff
000c
5938
d3d6
fcbf
0634
fd3c
00cb
6279
0600
0bfa
2800
8122
005f
ffdc
9e33
0018
ffd8
64ea
0059
1001
2122
067c
fea0
0804
00a9
ffd4
35b3
3200
2000
063e
0057
bf65
9830
84d9
fe81
0014
0008
c189
d955
6c2f
3665
a061
003f
0006
6102
5570
0bf6
9933
004d
e818
000f
d8b4
3ffd
875b
0041
ffde
9c33
0418
feb4
2002
0088
c1a1
d955
6c2f
3676
e015
008d
c000
2722
e540
6e4a
a2f9
008d
ffc0
3332
cc11
3700
8386
005b
eb40
742f
85b0
fe81
e01a
008d
e0da
10d6
6e1f
8780
b001
0061
c101
3d6e
8636
cc20
6200
00e3
9030
0157
a67d
a6a0
5025
0067
0000
4058
9aa8
a6a0
ad05
00a9
ffd5
1633
26c0
8e90
ff58
00cf
00d6
765d
1550
2000
fdf2
00c2
00ed
d943
6c2f
365e
a061
003f
0002
df02
6c2f
300e
fd94
00c2
65da
0613
43fa
2000
fdf0
00c2
00e0
d943
ec2f
365c
a061
003f
0007
df02
ac2f
300d
fd94
00c2
65c2
0613
83fa
2000
fdf0
00c2
00d4
d943
6c2f
365b
a061
003f
000a
df02
ec2f
300c
fd94
00c2
65aa
0613
93fa
2000
fdf0
00c2
00c8
d943
ec2f
3659
a061
00bf
0000
0002
c082
0bf7
0307
000c
bf65
5630
14d9
2000
fd96
00c2
6554
d953
ec2f
3514
5ca5
005b
4002
d122
2cbf
061b
02de
005d
d8b0
0056
2e7d
700b
c84d
00e8
e818
000f
6600
6f38
a061
00bf
0000
0002
3082
5c19
8401
00e7
f359
0016
08b0
2000
2004
0008
c18d
4015
3e78
6f35
0005
0088
0800
62a2
0570
9e10
cd3b
005b
0001
0062
5882
5c18
8401
00e7
f349
3216
3cb0
0001
0251
00dc
e480
8c19
8050
8212
c802
0068
6405
d039
059c
8000
8151
00a6
7080
401a
1e78
2080
0002
0088
f33b
4016
0e78
2080
0006
0088
f337
4016
1e78
2080
0006
0088
f333
0016
e8b0
7407
fc91
00cb
61be
4570
06e6
8000
fc25
00cf
12b0
0c69
e268
3fff
1447
00c8
fffe
c873
e481
3fff
24c7
00c8
4887
6095
3546
5208
0015
008b
4009
0057
3880
6c36
fff1
00cf
07ff
d128
ecbf
0634
0002
000b
0000
df18
2c2f
3006
fc90
00cb
61be
0030
0659
8000
fc25
00cf
12b0
ffa9
1cff
2034
fff9
00cf
0551
ffb2
1cff
2076
fff9
00cf
0971
21f2
2552
5198
820d
0054
c005
13e2
05d0
2000
0d1a
005b
fffc
fff3
4a01
2ff4
89e3
0081
c000
12e2
55d0
b985
fd8d
00cb
8001
1c82
76e6
3a46
03ff
007c
a227
3ff3
5fc0
fe8c
15c2
0059
e844
ee6f
0cbf
0632
fee0
00cb
6322
38b0
33fa
2ff7
fffb
0083
fd63
404f
6ee3
2fee
fff7
0027
0203
0020
0880
6456
4921
00af
e845
ee6f
0cbf
0633
a188
00bf
d038
ee2b
2cbf
0633
3405
006e
0981
2618
0a68
9340
801d
00ce
00ff
547f
8591
9a07
a016
00bf
ffb9
fdb2
2018
fe82
fee2
00cb
63f8
0070
3080
2fee
fff7
0003
3080
dc59
ecbf
0fff
080d
0000
0201
1120
0bfa
6454
a015
00bf
ffb9
01b2
2819
fe82
fee0
00cb
6408
0070
5080
7400
5001
0064
0000
3458
8500
fe81
fbe0
00cf
00ff
8c08
fcff
300f
064d
00d5
4008
e602
ecbf
0455
0001
0060
0919
66a3
f0c2
a210
012a
00cb
ffff
5880
a228
2c26
ffff
0003
58fa
84d5
4683
2ff2
2023
0001
0a14
645a
a6a2
2ff9
157b
0001
480d
9495
f688
aa08
1005
00e5
ffd8
68b3
1412
d639
823a
00ea
bf65
a730
1458
a210
8806
0068
1000
0459
0651
8000
4001
0009
408d
64b5
10c8
b8c4
f653
00cf
000b
f822
5bfa
0bf6
2a33
004d
4411
5059
828a
4a90
0000
0060
41f6
f815
0bfa
ffd4
fd96
00c2
4be6
0213
b8dc
6df9
100d
00e5
7c45
0118
161e
b908
d204
00b5
ff98
57b2
0411
8880
0043
003b
1003
20d9
0644
8000
2005
0000
7401
04ad
035e
8440
2101
0061
0000
0a18
8330
2ff9
157b
00c1
9030
0017
3600
9148
40c3
005e
0000
a458
0ae4
7900
d245
00b5
7892
042d
05e4
8440
40c3
005e
9000
0c38
35e4
2000
fd96
00c2
4bdc
0053
0679
8000
84c1
0022
e401
c979
fcbf
0600
4a46
005e
0000
ffd8
8cff
3f50
4807
005e
e508
806f
85e4
7a14
fd12
00cb
600f
9060
25e4
3700
fd96
00c2
49dc
ff11
5cff
0200
2000
0008
ff24
03f2
2818
9e48
fd97
00c2
49d0
0091
08dc
2080
84a0
00a0
ff44
03f2
c818
3fff
801b
0000
ff24
04b2
2818
9e48
0001
0060
2128
d128
2cbf
0601
fc90
00cb
4798
0000
0600
8000
fdd1
00c2
fba8
c903
fcbf
0600
0000
0060
0000
dd18
2c2f
3fba
fc90
00cb
47a6
0000
0600
8000
fdd1
00c2
00ba
c901
6cbf
047a
fd10
00cb
47a5
c900
7cbf
047a
0001
0060
a509
ffc8
0881
7900
fdd1
00c2
00a7
f601
ecff
0434
8a45
0035
1400
0019
1600
4009
fc91
00cb
47a5
0000
1600
400d
026d
005d
ff24
e972
0011
2ff2
1eaf
0001
00d1
d014
acbf
047a
0256
005c
ff20
eab2
0011
8000
fc91
00cb
47a5
c800
bcbf
047a
fc80
00cb
47ac
3470
0500
2ff4
1eab
0081
0088
c817
acbf
047a
0000
0060
ff24
e972
0011
2ff2
1eaf
0001
ff20
eb32
0c11
400d
fc85
00cb
47ad
0000
0600
8000
fd01
00cb
47aa
1de0
05c0
2ff2
1eab
0001
0000
c918
5cbf
047a
fc80
00cb
47ab
c800
ccbf
047a
fc85
00cb
47ad
3420
1500
2ff2
1ebb
0041
0000
0018
0600
2ff4
1eab
0081
0064
c817
acbf
047a
0000
0060
ff24
e972
0011
2ff2
1eaf
0001
ff20
eb32
1411
2ff2
1eb7
0001
ff21
ebb2
0c11
400d
fc89
00cb
47af
0000
0600
8000
fd01
00cb
47aa
13e0
05c0
2ff2
1eab
0001
0000
c918
5cbf
047a
fc80
00cb
47ab
c800
ccbf
047a
fc85
00cb
47ad
c840
ecbf
047a
fc89
00cb
47af
3420
2500
2ff2
1ec3
0041
0000
0018
0600
2ff4
1eab
0081
0038
c817
acbf
047a
0000
0060
ff24
e972
0011
2ff2
1eaf
0001
ff20
eb32
1411
2ff2
1eb7
0001
ff21
ebb2
2411
2ff2
1ebf
0001
ff22
ec32
0c11
400d
fc8d
00cb
47b1
0000
0600
8000
fd01
00cb
47aa
07e0
05c0
2ff2
1eab
0001
0000
c918
5cbf
047a
fc80
00cb
47ab
c800
ccbf
047a
fc85
00cb
47ad
c840
ecbf
047a
fc89
00cb
47af
c880
0cbf
047b
fc8d
00cb
47b1
3420
3500
2ff2
1ecb
0041
0000
0018
0600
2ff4
1eab
0001
ff20
eab2
0011
2ff4
1eab
0081
47ff
d102
7cbf
047a
fd3c
00cb
47a6
c900
5cbf
0499
0000
0060
2101
0009
4600
0bf7
eaf7
0007
005e
0014
0600
8000
0001
0060
7ab7
0017
0000
0000
0000
0000
0000
1700
0500
0000
0000
0000
